Copyright 1986-2022 Xilinx, Inc. All Rights Reserved. Copyright 2022-2024 Advanced Micro Devices, Inc. All Rights Reserved.
------------------------------------------------------------------------------------------------------------------------------------------------------------------------------------------------------------------------------------------------------
| Tool Version : Vivado v.2024.2 (win64) Build 5239630 Fri Nov 08 22:35:27 MST 2024
| Date         : Wed Dec 17 08:50:20 2025
| Host         : LAPTOP-ATBSBNLO running 64-bit major release  (build 9200)
| Command      : report_timing_summary -max_paths 10 -report_unconstrained -file Demux_LFSR_Proj_Top_timing_summary_routed.rpt -pb Demux_LFSR_Proj_Top_timing_summary_routed.pb -rpx Demux_LFSR_Proj_Top_timing_summary_routed.rpx -warn_on_violation
| Design       : Demux_LFSR_Proj_Top
| Device       : 7a35t-cpg236
| Speed File   : -1  PRODUCTION 1.23 2018-06-13
| Design State : Routed
------------------------------------------------------------------------------------------------------------------------------------------------------------------------------------------------------------------------------------------------------

Timing Summary Report

------------------------------------------------------------------------------------------------
| Timer Settings
| --------------
------------------------------------------------------------------------------------------------

  Enable Multi Corner Analysis               :  Yes
  Enable Pessimism Removal                   :  Yes
  Pessimism Removal Resolution               :  Nearest Common Node
  Enable Input Delay Default Clock           :  No
  Enable Preset / Clear Arcs                 :  No
  Disable Flight Delays                      :  No
  Ignore I/O Paths                           :  No
  Timing Early Launch at Borrowing Latches   :  No
  Borrow Time for Max Delay Exceptions       :  Yes
  Merge Timing Exceptions                    :  Yes
  Inter-SLR Compensation                     :  Conservative

  Corner  Analyze    Analyze    
  Name    Max Paths  Min Paths  
  ------  ---------  ---------  
  Slow    Yes        Yes        
  Fast    Yes        Yes        


------------------------------------------------------------------------------------------------
| Report Methodology
| ------------------
------------------------------------------------------------------------------------------------

Rule       Severity  Description                    Violations  
---------  --------  -----------------------------  ----------  
TIMING-18  Warning   Missing input or output delay  6           

Note: This report is based on the most recent report_methodology run and may not be up-to-date. Run report_methodology on the current design for the latest report.



check_timing report

Table of Contents
-----------------
1. checking no_clock (0)
2. checking constant_clock (0)
3. checking pulse_width_clock (0)
4. checking unconstrained_internal_endpoints (0)
5. checking no_input_delay (2)
6. checking no_output_delay (4)
7. checking multiple_clock (0)
8. checking generated_clocks (0)
9. checking loops (0)
10. checking partial_input_delay (0)
11. checking partial_output_delay (0)
12. checking latch_loops (0)

1. checking no_clock (0)
------------------------
 There are 0 register/latch pins with no clock.


2. checking constant_clock (0)
------------------------------
 There are 0 register/latch pins with constant_clock.


3. checking pulse_width_clock (0)
---------------------------------
 There are 0 register/latch pins which need pulse_width check


4. checking unconstrained_internal_endpoints (0)
------------------------------------------------
 There are 0 pins that are not constrained for maximum delay.

 There are 0 pins that are not constrained for maximum delay due to constant clock.


5. checking no_input_delay (2)
------------------------------
 There are 2 input ports with no input delay specified. (HIGH)

 There are 0 input ports with no input delay but user has a false path constraint.


6. checking no_output_delay (4)
-------------------------------
 There are 4 ports with no output delay specified. (HIGH)

 There are 0 ports with no output delay but user has a false path constraint

 There are 0 ports with no output delay but with a timing clock defined on it or propagating through it


7. checking multiple_clock (0)
------------------------------
 There are 0 register/latch pins with multiple clocks.


8. checking generated_clocks (0)
--------------------------------
 There are 0 generated clocks that are not connected to a clock source.


9. checking loops (0)
---------------------
 There are 0 combinational loops in the design.


10. checking partial_input_delay (0)
------------------------------------
 There are 0 input ports with partial input delay specified.


11. checking partial_output_delay (0)
-------------------------------------
 There are 0 ports with partial output delay specified.


12. checking latch_loops (0)
----------------------------
 There are 0 combinational latch loops in the design through latch input



------------------------------------------------------------------------------------------------
| Design Timing Summary
| ---------------------
------------------------------------------------------------------------------------------------

    WNS(ns)      TNS(ns)  TNS Failing Endpoints  TNS Total Endpoints      WHS(ns)      THS(ns)  THS Failing Endpoints  THS Total Endpoints     WPWS(ns)     TPWS(ns)  TPWS Failing Endpoints  TPWS Total Endpoints  
    -------      -------  ---------------------  -------------------      -------      -------  ---------------------  -------------------     --------     --------  ----------------------  --------------------  
      5.725        0.000                      0                  158        0.173        0.000                      0                  158        4.500        0.000                       0                    71  


All user specified timing constraints are met.


------------------------------------------------------------------------------------------------
| Clock Summary
| -------------
------------------------------------------------------------------------------------------------

Clock        Waveform(ns)       Period(ns)      Frequency(MHz)
-----        ------------       ----------      --------------
sys_clk_pin  {0.000 5.000}      10.000          100.000         


------------------------------------------------------------------------------------------------
| Intra Clock Table
| -----------------
------------------------------------------------------------------------------------------------

Clock             WNS(ns)      TNS(ns)  TNS Failing Endpoints  TNS Total Endpoints      WHS(ns)      THS(ns)  THS Failing Endpoints  THS Total Endpoints     WPWS(ns)     TPWS(ns)  TPWS Failing Endpoints  TPWS Total Endpoints  
-----             -------      -------  ---------------------  -------------------      -------      -------  ---------------------  -------------------     --------     --------  ----------------------  --------------------  
sys_clk_pin         5.725        0.000                      0                  158        0.173        0.000                      0                  158        4.500        0.000                       0                    71  


------------------------------------------------------------------------------------------------
| Inter Clock Table
| -----------------
------------------------------------------------------------------------------------------------

From Clock    To Clock          WNS(ns)      TNS(ns)  TNS Failing Endpoints  TNS Total Endpoints      WHS(ns)      THS(ns)  THS Failing Endpoints  THS Total Endpoints  
----------    --------          -------      -------  ---------------------  -------------------      -------      -------  ---------------------  -------------------  


------------------------------------------------------------------------------------------------
| Other Path Groups Table
| -----------------------
------------------------------------------------------------------------------------------------

Path Group    From Clock    To Clock          WNS(ns)      TNS(ns)  TNS Failing Endpoints  TNS Total Endpoints      WHS(ns)      THS(ns)  THS Failing Endpoints  THS Total Endpoints  
----------    ----------    --------          -------      -------  ---------------------  -------------------      -------      -------  ---------------------  -------------------  


------------------------------------------------------------------------------------------------
| User Ignored Path Table
| -----------------------
------------------------------------------------------------------------------------------------

Path Group    From Clock    To Clock    
----------    ----------    --------    


------------------------------------------------------------------------------------------------
| Unconstrained Path Table
| ------------------------
------------------------------------------------------------------------------------------------

Path Group    From Clock    To Clock    
----------    ----------    --------    
(none)                                    
(none)        sys_clk_pin                 
(none)                      sys_clk_pin   


------------------------------------------------------------------------------------------------
| Timing Details
| --------------
------------------------------------------------------------------------------------------------


---------------------------------------------------------------------------------------------------
From Clock:  sys_clk_pin
  To Clock:  sys_clk_pin

Setup :            0  Failing Endpoints,  Worst Slack        5.725ns,  Total Violation        0.000ns
Hold  :            0  Failing Endpoints,  Worst Slack        0.173ns,  Total Violation        0.000ns
PW    :            0  Failing Endpoints,  Worst Slack        4.500ns,  Total Violation        0.000ns
---------------------------------------------------------------------------------------------------


Max Delay Paths
--------------------------------------------------------------------------------------
Slack (MET) :             5.725ns  (required time - arrival time)
  Source:                 Seed_DV_Btn_Inst/r_Count_reg[11]/C
                            (rising edge-triggered cell FDRE clocked by sys_clk_pin  {rise@0.000ns fall@5.000ns period=10.000ns})
  Destination:            Seed_DV_Btn_Inst/r_Count_reg[16]/R
                            (rising edge-triggered cell FDRE clocked by sys_clk_pin  {rise@0.000ns fall@5.000ns period=10.000ns})
  Path Group:             sys_clk_pin
  Path Type:              Setup (Max at Slow Process Corner)
  Requirement:            10.000ns  (sys_clk_pin rise@10.000ns - sys_clk_pin rise@0.000ns)
  Data Path Delay:        3.784ns  (logic 0.828ns (21.880%)  route 2.956ns (78.120%))
  Logic Levels:           3  (LUT4=2 LUT6=1)
  Clock Path Skew:        -0.026ns (DCD - SCD + CPR)
    Destination Clock Delay (DCD):    4.852ns = ( 14.852 - 10.000 ) 
    Source Clock Delay      (SCD):    5.152ns
    Clock Pessimism Removal (CPR):    0.274ns
  Clock Uncertainty:      0.035ns  ((TSJ^2 + TIJ^2)^1/2 + DJ) / 2 + PE
    Total System Jitter     (TSJ):    0.071ns
    Total Input Jitter      (TIJ):    0.000ns
    Discrete Jitter          (DJ):    0.000ns
    Phase Error              (PE):    0.000ns

    Location             Delay type                Incr(ns)  Path(ns)    Netlist Resource(s)
  -------------------------------------------------------------------    -------------------
                         (clock sys_clk_pin rise edge)
                                                      0.000     0.000 r  
    W5                                                0.000     0.000 r  i_Clk (IN)
                         net (fo=0)                   0.000     0.000    i_Clk
    W5                   IBUF (Prop_ibuf_I_O)         1.458     1.458 r  i_Clk_IBUF_inst/O
                         net (fo=1, routed)           1.967     3.425    i_Clk_IBUF
    BUFGCTRL_X0Y0        BUFG (Prop_bufg_I_O)         0.096     3.521 r  i_Clk_IBUF_BUFG_inst/O
                         net (fo=70, routed)          1.631     5.152    Seed_DV_Btn_Inst/i_Clk_IBUF_BUFG
    SLICE_X0Y15          FDRE                                         r  Seed_DV_Btn_Inst/r_Count_reg[11]/C
  -------------------------------------------------------------------    -------------------
    SLICE_X0Y15          FDRE (Prop_fdre_C_Q)         0.456     5.608 r  Seed_DV_Btn_Inst/r_Count_reg[11]/Q
                         net (fo=2, routed)           1.138     6.747    Seed_DV_Btn_Inst/r_Count_reg[11]
    SLICE_X1Y15          LUT4 (Prop_lut4_I0_O)        0.124     6.871 f  Seed_DV_Btn_Inst/r_Btn_i_3__0/O
                         net (fo=2, routed)           0.581     7.451    Seed_DV_Btn_Inst/r_Btn_i_3__0_n_0
    SLICE_X1Y13          LUT6 (Prop_lut6_I4_O)        0.124     7.575 f  Seed_DV_Btn_Inst/r_Count[0]_i_3__0/O
                         net (fo=1, routed)           0.433     8.009    Seed_DV_Btn_Inst/r_Count[0]_i_3__0_n_0
    SLICE_X1Y13          LUT4 (Prop_lut4_I1_O)        0.124     8.133 r  Seed_DV_Btn_Inst/r_Count[0]_i_1__0/O
                         net (fo=20, routed)          0.804     8.937    Seed_DV_Btn_Inst/p_0_in
    SLICE_X0Y17          FDRE                                         r  Seed_DV_Btn_Inst/r_Count_reg[16]/R
  -------------------------------------------------------------------    -------------------

                         (clock sys_clk_pin rise edge)
                                                     10.000    10.000 r  
    W5                                                0.000    10.000 r  i_Clk (IN)
                         net (fo=0)                   0.000    10.000    i_Clk
    W5                   IBUF (Prop_ibuf_I_O)         1.388    11.388 r  i_Clk_IBUF_inst/O
                         net (fo=1, routed)           1.862    13.250    i_Clk_IBUF
    BUFGCTRL_X0Y0        BUFG (Prop_bufg_I_O)         0.091    13.341 r  i_Clk_IBUF_BUFG_inst/O
                         net (fo=70, routed)          1.511    14.852    Seed_DV_Btn_Inst/i_Clk_IBUF_BUFG
    SLICE_X0Y17          FDRE                                         r  Seed_DV_Btn_Inst/r_Count_reg[16]/C
                         clock pessimism              0.274    15.126    
                         clock uncertainty           -0.035    15.091    
    SLICE_X0Y17          FDRE (Setup_fdre_C_R)       -0.429    14.662    Seed_DV_Btn_Inst/r_Count_reg[16]
  -------------------------------------------------------------------
                         required time                         14.662    
                         arrival time                          -8.937    
  -------------------------------------------------------------------
                         slack                                  5.725    

Slack (MET) :             5.725ns  (required time - arrival time)
  Source:                 Seed_DV_Btn_Inst/r_Count_reg[11]/C
                            (rising edge-triggered cell FDRE clocked by sys_clk_pin  {rise@0.000ns fall@5.000ns period=10.000ns})
  Destination:            Seed_DV_Btn_Inst/r_Count_reg[17]/R
                            (rising edge-triggered cell FDRE clocked by sys_clk_pin  {rise@0.000ns fall@5.000ns period=10.000ns})
  Path Group:             sys_clk_pin
  Path Type:              Setup (Max at Slow Process Corner)
  Requirement:            10.000ns  (sys_clk_pin rise@10.000ns - sys_clk_pin rise@0.000ns)
  Data Path Delay:        3.784ns  (logic 0.828ns (21.880%)  route 2.956ns (78.120%))
  Logic Levels:           3  (LUT4=2 LUT6=1)
  Clock Path Skew:        -0.026ns (DCD - SCD + CPR)
    Destination Clock Delay (DCD):    4.852ns = ( 14.852 - 10.000 ) 
    Source Clock Delay      (SCD):    5.152ns
    Clock Pessimism Removal (CPR):    0.274ns
  Clock Uncertainty:      0.035ns  ((TSJ^2 + TIJ^2)^1/2 + DJ) / 2 + PE
    Total System Jitter     (TSJ):    0.071ns
    Total Input Jitter      (TIJ):    0.000ns
    Discrete Jitter          (DJ):    0.000ns
    Phase Error              (PE):    0.000ns

    Location             Delay type                Incr(ns)  Path(ns)    Netlist Resource(s)
  -------------------------------------------------------------------    -------------------
                         (clock sys_clk_pin rise edge)
                                                      0.000     0.000 r  
    W5                                                0.000     0.000 r  i_Clk (IN)
                         net (fo=0)                   0.000     0.000    i_Clk
    W5                   IBUF (Prop_ibuf_I_O)         1.458     1.458 r  i_Clk_IBUF_inst/O
                         net (fo=1, routed)           1.967     3.425    i_Clk_IBUF
    BUFGCTRL_X0Y0        BUFG (Prop_bufg_I_O)         0.096     3.521 r  i_Clk_IBUF_BUFG_inst/O
                         net (fo=70, routed)          1.631     5.152    Seed_DV_Btn_Inst/i_Clk_IBUF_BUFG
    SLICE_X0Y15          FDRE                                         r  Seed_DV_Btn_Inst/r_Count_reg[11]/C
  -------------------------------------------------------------------    -------------------
    SLICE_X0Y15          FDRE (Prop_fdre_C_Q)         0.456     5.608 r  Seed_DV_Btn_Inst/r_Count_reg[11]/Q
                         net (fo=2, routed)           1.138     6.747    Seed_DV_Btn_Inst/r_Count_reg[11]
    SLICE_X1Y15          LUT4 (Prop_lut4_I0_O)        0.124     6.871 f  Seed_DV_Btn_Inst/r_Btn_i_3__0/O
                         net (fo=2, routed)           0.581     7.451    Seed_DV_Btn_Inst/r_Btn_i_3__0_n_0
    SLICE_X1Y13          LUT6 (Prop_lut6_I4_O)        0.124     7.575 f  Seed_DV_Btn_Inst/r_Count[0]_i_3__0/O
                         net (fo=1, routed)           0.433     8.009    Seed_DV_Btn_Inst/r_Count[0]_i_3__0_n_0
    SLICE_X1Y13          LUT4 (Prop_lut4_I1_O)        0.124     8.133 r  Seed_DV_Btn_Inst/r_Count[0]_i_1__0/O
                         net (fo=20, routed)          0.804     8.937    Seed_DV_Btn_Inst/p_0_in
    SLICE_X0Y17          FDRE                                         r  Seed_DV_Btn_Inst/r_Count_reg[17]/R
  -------------------------------------------------------------------    -------------------

                         (clock sys_clk_pin rise edge)
                                                     10.000    10.000 r  
    W5                                                0.000    10.000 r  i_Clk (IN)
                         net (fo=0)                   0.000    10.000    i_Clk
    W5                   IBUF (Prop_ibuf_I_O)         1.388    11.388 r  i_Clk_IBUF_inst/O
                         net (fo=1, routed)           1.862    13.250    i_Clk_IBUF
    BUFGCTRL_X0Y0        BUFG (Prop_bufg_I_O)         0.091    13.341 r  i_Clk_IBUF_BUFG_inst/O
                         net (fo=70, routed)          1.511    14.852    Seed_DV_Btn_Inst/i_Clk_IBUF_BUFG
    SLICE_X0Y17          FDRE                                         r  Seed_DV_Btn_Inst/r_Count_reg[17]/C
                         clock pessimism              0.274    15.126    
                         clock uncertainty           -0.035    15.091    
    SLICE_X0Y17          FDRE (Setup_fdre_C_R)       -0.429    14.662    Seed_DV_Btn_Inst/r_Count_reg[17]
  -------------------------------------------------------------------
                         required time                         14.662    
                         arrival time                          -8.937    
  -------------------------------------------------------------------
                         slack                                  5.725    

Slack (MET) :             5.725ns  (required time - arrival time)
  Source:                 Seed_DV_Btn_Inst/r_Count_reg[11]/C
                            (rising edge-triggered cell FDRE clocked by sys_clk_pin  {rise@0.000ns fall@5.000ns period=10.000ns})
  Destination:            Seed_DV_Btn_Inst/r_Count_reg[18]/R
                            (rising edge-triggered cell FDRE clocked by sys_clk_pin  {rise@0.000ns fall@5.000ns period=10.000ns})
  Path Group:             sys_clk_pin
  Path Type:              Setup (Max at Slow Process Corner)
  Requirement:            10.000ns  (sys_clk_pin rise@10.000ns - sys_clk_pin rise@0.000ns)
  Data Path Delay:        3.784ns  (logic 0.828ns (21.880%)  route 2.956ns (78.120%))
  Logic Levels:           3  (LUT4=2 LUT6=1)
  Clock Path Skew:        -0.026ns (DCD - SCD + CPR)
    Destination Clock Delay (DCD):    4.852ns = ( 14.852 - 10.000 ) 
    Source Clock Delay      (SCD):    5.152ns
    Clock Pessimism Removal (CPR):    0.274ns
  Clock Uncertainty:      0.035ns  ((TSJ^2 + TIJ^2)^1/2 + DJ) / 2 + PE
    Total System Jitter     (TSJ):    0.071ns
    Total Input Jitter      (TIJ):    0.000ns
    Discrete Jitter          (DJ):    0.000ns
    Phase Error              (PE):    0.000ns

    Location             Delay type                Incr(ns)  Path(ns)    Netlist Resource(s)
  -------------------------------------------------------------------    -------------------
                         (clock sys_clk_pin rise edge)
                                                      0.000     0.000 r  
    W5                                                0.000     0.000 r  i_Clk (IN)
                         net (fo=0)                   0.000     0.000    i_Clk
    W5                   IBUF (Prop_ibuf_I_O)         1.458     1.458 r  i_Clk_IBUF_inst/O
                         net (fo=1, routed)           1.967     3.425    i_Clk_IBUF
    BUFGCTRL_X0Y0        BUFG (Prop_bufg_I_O)         0.096     3.521 r  i_Clk_IBUF_BUFG_inst/O
                         net (fo=70, routed)          1.631     5.152    Seed_DV_Btn_Inst/i_Clk_IBUF_BUFG
    SLICE_X0Y15          FDRE                                         r  Seed_DV_Btn_Inst/r_Count_reg[11]/C
  -------------------------------------------------------------------    -------------------
    SLICE_X0Y15          FDRE (Prop_fdre_C_Q)         0.456     5.608 r  Seed_DV_Btn_Inst/r_Count_reg[11]/Q
                         net (fo=2, routed)           1.138     6.747    Seed_DV_Btn_Inst/r_Count_reg[11]
    SLICE_X1Y15          LUT4 (Prop_lut4_I0_O)        0.124     6.871 f  Seed_DV_Btn_Inst/r_Btn_i_3__0/O
                         net (fo=2, routed)           0.581     7.451    Seed_DV_Btn_Inst/r_Btn_i_3__0_n_0
    SLICE_X1Y13          LUT6 (Prop_lut6_I4_O)        0.124     7.575 f  Seed_DV_Btn_Inst/r_Count[0]_i_3__0/O
                         net (fo=1, routed)           0.433     8.009    Seed_DV_Btn_Inst/r_Count[0]_i_3__0_n_0
    SLICE_X1Y13          LUT4 (Prop_lut4_I1_O)        0.124     8.133 r  Seed_DV_Btn_Inst/r_Count[0]_i_1__0/O
                         net (fo=20, routed)          0.804     8.937    Seed_DV_Btn_Inst/p_0_in
    SLICE_X0Y17          FDRE                                         r  Seed_DV_Btn_Inst/r_Count_reg[18]/R
  -------------------------------------------------------------------    -------------------

                         (clock sys_clk_pin rise edge)
                                                     10.000    10.000 r  
    W5                                                0.000    10.000 r  i_Clk (IN)
                         net (fo=0)                   0.000    10.000    i_Clk
    W5                   IBUF (Prop_ibuf_I_O)         1.388    11.388 r  i_Clk_IBUF_inst/O
                         net (fo=1, routed)           1.862    13.250    i_Clk_IBUF
    BUFGCTRL_X0Y0        BUFG (Prop_bufg_I_O)         0.091    13.341 r  i_Clk_IBUF_BUFG_inst/O
                         net (fo=70, routed)          1.511    14.852    Seed_DV_Btn_Inst/i_Clk_IBUF_BUFG
    SLICE_X0Y17          FDRE                                         r  Seed_DV_Btn_Inst/r_Count_reg[18]/C
                         clock pessimism              0.274    15.126    
                         clock uncertainty           -0.035    15.091    
    SLICE_X0Y17          FDRE (Setup_fdre_C_R)       -0.429    14.662    Seed_DV_Btn_Inst/r_Count_reg[18]
  -------------------------------------------------------------------
                         required time                         14.662    
                         arrival time                          -8.937    
  -------------------------------------------------------------------
                         slack                                  5.725    

Slack (MET) :             5.725ns  (required time - arrival time)
  Source:                 Seed_DV_Btn_Inst/r_Count_reg[11]/C
                            (rising edge-triggered cell FDRE clocked by sys_clk_pin  {rise@0.000ns fall@5.000ns period=10.000ns})
  Destination:            Seed_DV_Btn_Inst/r_Count_reg[19]/R
                            (rising edge-triggered cell FDRE clocked by sys_clk_pin  {rise@0.000ns fall@5.000ns period=10.000ns})
  Path Group:             sys_clk_pin
  Path Type:              Setup (Max at Slow Process Corner)
  Requirement:            10.000ns  (sys_clk_pin rise@10.000ns - sys_clk_pin rise@0.000ns)
  Data Path Delay:        3.784ns  (logic 0.828ns (21.880%)  route 2.956ns (78.120%))
  Logic Levels:           3  (LUT4=2 LUT6=1)
  Clock Path Skew:        -0.026ns (DCD - SCD + CPR)
    Destination Clock Delay (DCD):    4.852ns = ( 14.852 - 10.000 ) 
    Source Clock Delay      (SCD):    5.152ns
    Clock Pessimism Removal (CPR):    0.274ns
  Clock Uncertainty:      0.035ns  ((TSJ^2 + TIJ^2)^1/2 + DJ) / 2 + PE
    Total System Jitter     (TSJ):    0.071ns
    Total Input Jitter      (TIJ):    0.000ns
    Discrete Jitter          (DJ):    0.000ns
    Phase Error              (PE):    0.000ns

    Location             Delay type                Incr(ns)  Path(ns)    Netlist Resource(s)
  -------------------------------------------------------------------    -------------------
                         (clock sys_clk_pin rise edge)
                                                      0.000     0.000 r  
    W5                                                0.000     0.000 r  i_Clk (IN)
                         net (fo=0)                   0.000     0.000    i_Clk
    W5                   IBUF (Prop_ibuf_I_O)         1.458     1.458 r  i_Clk_IBUF_inst/O
                         net (fo=1, routed)           1.967     3.425    i_Clk_IBUF
    BUFGCTRL_X0Y0        BUFG (Prop_bufg_I_O)         0.096     3.521 r  i_Clk_IBUF_BUFG_inst/O
                         net (fo=70, routed)          1.631     5.152    Seed_DV_Btn_Inst/i_Clk_IBUF_BUFG
    SLICE_X0Y15          FDRE                                         r  Seed_DV_Btn_Inst/r_Count_reg[11]/C
  -------------------------------------------------------------------    -------------------
    SLICE_X0Y15          FDRE (Prop_fdre_C_Q)         0.456     5.608 r  Seed_DV_Btn_Inst/r_Count_reg[11]/Q
                         net (fo=2, routed)           1.138     6.747    Seed_DV_Btn_Inst/r_Count_reg[11]
    SLICE_X1Y15          LUT4 (Prop_lut4_I0_O)        0.124     6.871 f  Seed_DV_Btn_Inst/r_Btn_i_3__0/O
                         net (fo=2, routed)           0.581     7.451    Seed_DV_Btn_Inst/r_Btn_i_3__0_n_0
    SLICE_X1Y13          LUT6 (Prop_lut6_I4_O)        0.124     7.575 f  Seed_DV_Btn_Inst/r_Count[0]_i_3__0/O
                         net (fo=1, routed)           0.433     8.009    Seed_DV_Btn_Inst/r_Count[0]_i_3__0_n_0
    SLICE_X1Y13          LUT4 (Prop_lut4_I1_O)        0.124     8.133 r  Seed_DV_Btn_Inst/r_Count[0]_i_1__0/O
                         net (fo=20, routed)          0.804     8.937    Seed_DV_Btn_Inst/p_0_in
    SLICE_X0Y17          FDRE                                         r  Seed_DV_Btn_Inst/r_Count_reg[19]/R
  -------------------------------------------------------------------    -------------------

                         (clock sys_clk_pin rise edge)
                                                     10.000    10.000 r  
    W5                                                0.000    10.000 r  i_Clk (IN)
                         net (fo=0)                   0.000    10.000    i_Clk
    W5                   IBUF (Prop_ibuf_I_O)         1.388    11.388 r  i_Clk_IBUF_inst/O
                         net (fo=1, routed)           1.862    13.250    i_Clk_IBUF
    BUFGCTRL_X0Y0        BUFG (Prop_bufg_I_O)         0.091    13.341 r  i_Clk_IBUF_BUFG_inst/O
                         net (fo=70, routed)          1.511    14.852    Seed_DV_Btn_Inst/i_Clk_IBUF_BUFG
    SLICE_X0Y17          FDRE                                         r  Seed_DV_Btn_Inst/r_Count_reg[19]/C
                         clock pessimism              0.274    15.126    
                         clock uncertainty           -0.035    15.091    
    SLICE_X0Y17          FDRE (Setup_fdre_C_R)       -0.429    14.662    Seed_DV_Btn_Inst/r_Count_reg[19]
  -------------------------------------------------------------------
                         required time                         14.662    
                         arrival time                          -8.937    
  -------------------------------------------------------------------
                         slack                                  5.725    

Slack (MET) :             5.865ns  (required time - arrival time)
  Source:                 Seed_DV_Btn_Inst/r_Count_reg[11]/C
                            (rising edge-triggered cell FDRE clocked by sys_clk_pin  {rise@0.000ns fall@5.000ns period=10.000ns})
  Destination:            Seed_DV_Btn_Inst/r_Count_reg[12]/R
                            (rising edge-triggered cell FDRE clocked by sys_clk_pin  {rise@0.000ns fall@5.000ns period=10.000ns})
  Path Group:             sys_clk_pin
  Path Type:              Setup (Max at Slow Process Corner)
  Requirement:            10.000ns  (sys_clk_pin rise@10.000ns - sys_clk_pin rise@0.000ns)
  Data Path Delay:        3.646ns  (logic 0.828ns (22.710%)  route 2.818ns (77.290%))
  Logic Levels:           3  (LUT4=2 LUT6=1)
  Clock Path Skew:        -0.025ns (DCD - SCD + CPR)
    Destination Clock Delay (DCD):    4.853ns = ( 14.853 - 10.000 ) 
    Source Clock Delay      (SCD):    5.152ns
    Clock Pessimism Removal (CPR):    0.274ns
  Clock Uncertainty:      0.035ns  ((TSJ^2 + TIJ^2)^1/2 + DJ) / 2 + PE
    Total System Jitter     (TSJ):    0.071ns
    Total Input Jitter      (TIJ):    0.000ns
    Discrete Jitter          (DJ):    0.000ns
    Phase Error              (PE):    0.000ns

    Location             Delay type                Incr(ns)  Path(ns)    Netlist Resource(s)
  -------------------------------------------------------------------    -------------------
                         (clock sys_clk_pin rise edge)
                                                      0.000     0.000 r  
    W5                                                0.000     0.000 r  i_Clk (IN)
                         net (fo=0)                   0.000     0.000    i_Clk
    W5                   IBUF (Prop_ibuf_I_O)         1.458     1.458 r  i_Clk_IBUF_inst/O
                         net (fo=1, routed)           1.967     3.425    i_Clk_IBUF
    BUFGCTRL_X0Y0        BUFG (Prop_bufg_I_O)         0.096     3.521 r  i_Clk_IBUF_BUFG_inst/O
                         net (fo=70, routed)          1.631     5.152    Seed_DV_Btn_Inst/i_Clk_IBUF_BUFG
    SLICE_X0Y15          FDRE                                         r  Seed_DV_Btn_Inst/r_Count_reg[11]/C
  -------------------------------------------------------------------    -------------------
    SLICE_X0Y15          FDRE (Prop_fdre_C_Q)         0.456     5.608 r  Seed_DV_Btn_Inst/r_Count_reg[11]/Q
                         net (fo=2, routed)           1.138     6.747    Seed_DV_Btn_Inst/r_Count_reg[11]
    SLICE_X1Y15          LUT4 (Prop_lut4_I0_O)        0.124     6.871 f  Seed_DV_Btn_Inst/r_Btn_i_3__0/O
                         net (fo=2, routed)           0.581     7.451    Seed_DV_Btn_Inst/r_Btn_i_3__0_n_0
    SLICE_X1Y13          LUT6 (Prop_lut6_I4_O)        0.124     7.575 f  Seed_DV_Btn_Inst/r_Count[0]_i_3__0/O
                         net (fo=1, routed)           0.433     8.009    Seed_DV_Btn_Inst/r_Count[0]_i_3__0_n_0
    SLICE_X1Y13          LUT4 (Prop_lut4_I1_O)        0.124     8.133 r  Seed_DV_Btn_Inst/r_Count[0]_i_1__0/O
                         net (fo=20, routed)          0.665     8.798    Seed_DV_Btn_Inst/p_0_in
    SLICE_X0Y16          FDRE                                         r  Seed_DV_Btn_Inst/r_Count_reg[12]/R
  -------------------------------------------------------------------    -------------------

                         (clock sys_clk_pin rise edge)
                                                     10.000    10.000 r  
    W5                                                0.000    10.000 r  i_Clk (IN)
                         net (fo=0)                   0.000    10.000    i_Clk
    W5                   IBUF (Prop_ibuf_I_O)         1.388    11.388 r  i_Clk_IBUF_inst/O
                         net (fo=1, routed)           1.862    13.250    i_Clk_IBUF
    BUFGCTRL_X0Y0        BUFG (Prop_bufg_I_O)         0.091    13.341 r  i_Clk_IBUF_BUFG_inst/O
                         net (fo=70, routed)          1.512    14.853    Seed_DV_Btn_Inst/i_Clk_IBUF_BUFG
    SLICE_X0Y16          FDRE                                         r  Seed_DV_Btn_Inst/r_Count_reg[12]/C
                         clock pessimism              0.274    15.127    
                         clock uncertainty           -0.035    15.092    
    SLICE_X0Y16          FDRE (Setup_fdre_C_R)       -0.429    14.663    Seed_DV_Btn_Inst/r_Count_reg[12]
  -------------------------------------------------------------------
                         required time                         14.663    
                         arrival time                          -8.798    
  -------------------------------------------------------------------
                         slack                                  5.865    

Slack (MET) :             5.865ns  (required time - arrival time)
  Source:                 Seed_DV_Btn_Inst/r_Count_reg[11]/C
                            (rising edge-triggered cell FDRE clocked by sys_clk_pin  {rise@0.000ns fall@5.000ns period=10.000ns})
  Destination:            Seed_DV_Btn_Inst/r_Count_reg[13]/R
                            (rising edge-triggered cell FDRE clocked by sys_clk_pin  {rise@0.000ns fall@5.000ns period=10.000ns})
  Path Group:             sys_clk_pin
  Path Type:              Setup (Max at Slow Process Corner)
  Requirement:            10.000ns  (sys_clk_pin rise@10.000ns - sys_clk_pin rise@0.000ns)
  Data Path Delay:        3.646ns  (logic 0.828ns (22.710%)  route 2.818ns (77.290%))
  Logic Levels:           3  (LUT4=2 LUT6=1)
  Clock Path Skew:        -0.025ns (DCD - SCD + CPR)
    Destination Clock Delay (DCD):    4.853ns = ( 14.853 - 10.000 ) 
    Source Clock Delay      (SCD):    5.152ns
    Clock Pessimism Removal (CPR):    0.274ns
  Clock Uncertainty:      0.035ns  ((TSJ^2 + TIJ^2)^1/2 + DJ) / 2 + PE
    Total System Jitter     (TSJ):    0.071ns
    Total Input Jitter      (TIJ):    0.000ns
    Discrete Jitter          (DJ):    0.000ns
    Phase Error              (PE):    0.000ns

    Location             Delay type                Incr(ns)  Path(ns)    Netlist Resource(s)
  -------------------------------------------------------------------    -------------------
                         (clock sys_clk_pin rise edge)
                                                      0.000     0.000 r  
    W5                                                0.000     0.000 r  i_Clk (IN)
                         net (fo=0)                   0.000     0.000    i_Clk
    W5                   IBUF (Prop_ibuf_I_O)         1.458     1.458 r  i_Clk_IBUF_inst/O
                         net (fo=1, routed)           1.967     3.425    i_Clk_IBUF
    BUFGCTRL_X0Y0        BUFG (Prop_bufg_I_O)         0.096     3.521 r  i_Clk_IBUF_BUFG_inst/O
                         net (fo=70, routed)          1.631     5.152    Seed_DV_Btn_Inst/i_Clk_IBUF_BUFG
    SLICE_X0Y15          FDRE                                         r  Seed_DV_Btn_Inst/r_Count_reg[11]/C
  -------------------------------------------------------------------    -------------------
    SLICE_X0Y15          FDRE (Prop_fdre_C_Q)         0.456     5.608 r  Seed_DV_Btn_Inst/r_Count_reg[11]/Q
                         net (fo=2, routed)           1.138     6.747    Seed_DV_Btn_Inst/r_Count_reg[11]
    SLICE_X1Y15          LUT4 (Prop_lut4_I0_O)        0.124     6.871 f  Seed_DV_Btn_Inst/r_Btn_i_3__0/O
                         net (fo=2, routed)           0.581     7.451    Seed_DV_Btn_Inst/r_Btn_i_3__0_n_0
    SLICE_X1Y13          LUT6 (Prop_lut6_I4_O)        0.124     7.575 f  Seed_DV_Btn_Inst/r_Count[0]_i_3__0/O
                         net (fo=1, routed)           0.433     8.009    Seed_DV_Btn_Inst/r_Count[0]_i_3__0_n_0
    SLICE_X1Y13          LUT4 (Prop_lut4_I1_O)        0.124     8.133 r  Seed_DV_Btn_Inst/r_Count[0]_i_1__0/O
                         net (fo=20, routed)          0.665     8.798    Seed_DV_Btn_Inst/p_0_in
    SLICE_X0Y16          FDRE                                         r  Seed_DV_Btn_Inst/r_Count_reg[13]/R
  -------------------------------------------------------------------    -------------------

                         (clock sys_clk_pin rise edge)
                                                     10.000    10.000 r  
    W5                                                0.000    10.000 r  i_Clk (IN)
                         net (fo=0)                   0.000    10.000    i_Clk
    W5                   IBUF (Prop_ibuf_I_O)         1.388    11.388 r  i_Clk_IBUF_inst/O
                         net (fo=1, routed)           1.862    13.250    i_Clk_IBUF
    BUFGCTRL_X0Y0        BUFG (Prop_bufg_I_O)         0.091    13.341 r  i_Clk_IBUF_BUFG_inst/O
                         net (fo=70, routed)          1.512    14.853    Seed_DV_Btn_Inst/i_Clk_IBUF_BUFG
    SLICE_X0Y16          FDRE                                         r  Seed_DV_Btn_Inst/r_Count_reg[13]/C
                         clock pessimism              0.274    15.127    
                         clock uncertainty           -0.035    15.092    
    SLICE_X0Y16          FDRE (Setup_fdre_C_R)       -0.429    14.663    Seed_DV_Btn_Inst/r_Count_reg[13]
  -------------------------------------------------------------------
                         required time                         14.663    
                         arrival time                          -8.798    
  -------------------------------------------------------------------
                         slack                                  5.865    

Slack (MET) :             5.865ns  (required time - arrival time)
  Source:                 Seed_DV_Btn_Inst/r_Count_reg[11]/C
                            (rising edge-triggered cell FDRE clocked by sys_clk_pin  {rise@0.000ns fall@5.000ns period=10.000ns})
  Destination:            Seed_DV_Btn_Inst/r_Count_reg[14]/R
                            (rising edge-triggered cell FDRE clocked by sys_clk_pin  {rise@0.000ns fall@5.000ns period=10.000ns})
  Path Group:             sys_clk_pin
  Path Type:              Setup (Max at Slow Process Corner)
  Requirement:            10.000ns  (sys_clk_pin rise@10.000ns - sys_clk_pin rise@0.000ns)
  Data Path Delay:        3.646ns  (logic 0.828ns (22.710%)  route 2.818ns (77.290%))
  Logic Levels:           3  (LUT4=2 LUT6=1)
  Clock Path Skew:        -0.025ns (DCD - SCD + CPR)
    Destination Clock Delay (DCD):    4.853ns = ( 14.853 - 10.000 ) 
    Source Clock Delay      (SCD):    5.152ns
    Clock Pessimism Removal (CPR):    0.274ns
  Clock Uncertainty:      0.035ns  ((TSJ^2 + TIJ^2)^1/2 + DJ) / 2 + PE
    Total System Jitter     (TSJ):    0.071ns
    Total Input Jitter      (TIJ):    0.000ns
    Discrete Jitter          (DJ):    0.000ns
    Phase Error              (PE):    0.000ns

    Location             Delay type                Incr(ns)  Path(ns)    Netlist Resource(s)
  -------------------------------------------------------------------    -------------------
                         (clock sys_clk_pin rise edge)
                                                      0.000     0.000 r  
    W5                                                0.000     0.000 r  i_Clk (IN)
                         net (fo=0)                   0.000     0.000    i_Clk
    W5                   IBUF (Prop_ibuf_I_O)         1.458     1.458 r  i_Clk_IBUF_inst/O
                         net (fo=1, routed)           1.967     3.425    i_Clk_IBUF
    BUFGCTRL_X0Y0        BUFG (Prop_bufg_I_O)         0.096     3.521 r  i_Clk_IBUF_BUFG_inst/O
                         net (fo=70, routed)          1.631     5.152    Seed_DV_Btn_Inst/i_Clk_IBUF_BUFG
    SLICE_X0Y15          FDRE                                         r  Seed_DV_Btn_Inst/r_Count_reg[11]/C
  -------------------------------------------------------------------    -------------------
    SLICE_X0Y15          FDRE (Prop_fdre_C_Q)         0.456     5.608 r  Seed_DV_Btn_Inst/r_Count_reg[11]/Q
                         net (fo=2, routed)           1.138     6.747    Seed_DV_Btn_Inst/r_Count_reg[11]
    SLICE_X1Y15          LUT4 (Prop_lut4_I0_O)        0.124     6.871 f  Seed_DV_Btn_Inst/r_Btn_i_3__0/O
                         net (fo=2, routed)           0.581     7.451    Seed_DV_Btn_Inst/r_Btn_i_3__0_n_0
    SLICE_X1Y13          LUT6 (Prop_lut6_I4_O)        0.124     7.575 f  Seed_DV_Btn_Inst/r_Count[0]_i_3__0/O
                         net (fo=1, routed)           0.433     8.009    Seed_DV_Btn_Inst/r_Count[0]_i_3__0_n_0
    SLICE_X1Y13          LUT4 (Prop_lut4_I1_O)        0.124     8.133 r  Seed_DV_Btn_Inst/r_Count[0]_i_1__0/O
                         net (fo=20, routed)          0.665     8.798    Seed_DV_Btn_Inst/p_0_in
    SLICE_X0Y16          FDRE                                         r  Seed_DV_Btn_Inst/r_Count_reg[14]/R
  -------------------------------------------------------------------    -------------------

                         (clock sys_clk_pin rise edge)
                                                     10.000    10.000 r  
    W5                                                0.000    10.000 r  i_Clk (IN)
                         net (fo=0)                   0.000    10.000    i_Clk
    W5                   IBUF (Prop_ibuf_I_O)         1.388    11.388 r  i_Clk_IBUF_inst/O
                         net (fo=1, routed)           1.862    13.250    i_Clk_IBUF
    BUFGCTRL_X0Y0        BUFG (Prop_bufg_I_O)         0.091    13.341 r  i_Clk_IBUF_BUFG_inst/O
                         net (fo=70, routed)          1.512    14.853    Seed_DV_Btn_Inst/i_Clk_IBUF_BUFG
    SLICE_X0Y16          FDRE                                         r  Seed_DV_Btn_Inst/r_Count_reg[14]/C
                         clock pessimism              0.274    15.127    
                         clock uncertainty           -0.035    15.092    
    SLICE_X0Y16          FDRE (Setup_fdre_C_R)       -0.429    14.663    Seed_DV_Btn_Inst/r_Count_reg[14]
  -------------------------------------------------------------------
                         required time                         14.663    
                         arrival time                          -8.798    
  -------------------------------------------------------------------
                         slack                                  5.865    

Slack (MET) :             5.865ns  (required time - arrival time)
  Source:                 Seed_DV_Btn_Inst/r_Count_reg[11]/C
                            (rising edge-triggered cell FDRE clocked by sys_clk_pin  {rise@0.000ns fall@5.000ns period=10.000ns})
  Destination:            Seed_DV_Btn_Inst/r_Count_reg[15]/R
                            (rising edge-triggered cell FDRE clocked by sys_clk_pin  {rise@0.000ns fall@5.000ns period=10.000ns})
  Path Group:             sys_clk_pin
  Path Type:              Setup (Max at Slow Process Corner)
  Requirement:            10.000ns  (sys_clk_pin rise@10.000ns - sys_clk_pin rise@0.000ns)
  Data Path Delay:        3.646ns  (logic 0.828ns (22.710%)  route 2.818ns (77.290%))
  Logic Levels:           3  (LUT4=2 LUT6=1)
  Clock Path Skew:        -0.025ns (DCD - SCD + CPR)
    Destination Clock Delay (DCD):    4.853ns = ( 14.853 - 10.000 ) 
    Source Clock Delay      (SCD):    5.152ns
    Clock Pessimism Removal (CPR):    0.274ns
  Clock Uncertainty:      0.035ns  ((TSJ^2 + TIJ^2)^1/2 + DJ) / 2 + PE
    Total System Jitter     (TSJ):    0.071ns
    Total Input Jitter      (TIJ):    0.000ns
    Discrete Jitter          (DJ):    0.000ns
    Phase Error              (PE):    0.000ns

    Location             Delay type                Incr(ns)  Path(ns)    Netlist Resource(s)
  -------------------------------------------------------------------    -------------------
                         (clock sys_clk_pin rise edge)
                                                      0.000     0.000 r  
    W5                                                0.000     0.000 r  i_Clk (IN)
                         net (fo=0)                   0.000     0.000    i_Clk
    W5                   IBUF (Prop_ibuf_I_O)         1.458     1.458 r  i_Clk_IBUF_inst/O
                         net (fo=1, routed)           1.967     3.425    i_Clk_IBUF
    BUFGCTRL_X0Y0        BUFG (Prop_bufg_I_O)         0.096     3.521 r  i_Clk_IBUF_BUFG_inst/O
                         net (fo=70, routed)          1.631     5.152    Seed_DV_Btn_Inst/i_Clk_IBUF_BUFG
    SLICE_X0Y15          FDRE                                         r  Seed_DV_Btn_Inst/r_Count_reg[11]/C
  -------------------------------------------------------------------    -------------------
    SLICE_X0Y15          FDRE (Prop_fdre_C_Q)         0.456     5.608 r  Seed_DV_Btn_Inst/r_Count_reg[11]/Q
                         net (fo=2, routed)           1.138     6.747    Seed_DV_Btn_Inst/r_Count_reg[11]
    SLICE_X1Y15          LUT4 (Prop_lut4_I0_O)        0.124     6.871 f  Seed_DV_Btn_Inst/r_Btn_i_3__0/O
                         net (fo=2, routed)           0.581     7.451    Seed_DV_Btn_Inst/r_Btn_i_3__0_n_0
    SLICE_X1Y13          LUT6 (Prop_lut6_I4_O)        0.124     7.575 f  Seed_DV_Btn_Inst/r_Count[0]_i_3__0/O
                         net (fo=1, routed)           0.433     8.009    Seed_DV_Btn_Inst/r_Count[0]_i_3__0_n_0
    SLICE_X1Y13          LUT4 (Prop_lut4_I1_O)        0.124     8.133 r  Seed_DV_Btn_Inst/r_Count[0]_i_1__0/O
                         net (fo=20, routed)          0.665     8.798    Seed_DV_Btn_Inst/p_0_in
    SLICE_X0Y16          FDRE                                         r  Seed_DV_Btn_Inst/r_Count_reg[15]/R
  -------------------------------------------------------------------    -------------------

                         (clock sys_clk_pin rise edge)
                                                     10.000    10.000 r  
    W5                                                0.000    10.000 r  i_Clk (IN)
                         net (fo=0)                   0.000    10.000    i_Clk
    W5                   IBUF (Prop_ibuf_I_O)         1.388    11.388 r  i_Clk_IBUF_inst/O
                         net (fo=1, routed)           1.862    13.250    i_Clk_IBUF
    BUFGCTRL_X0Y0        BUFG (Prop_bufg_I_O)         0.091    13.341 r  i_Clk_IBUF_BUFG_inst/O
                         net (fo=70, routed)          1.512    14.853    Seed_DV_Btn_Inst/i_Clk_IBUF_BUFG
    SLICE_X0Y16          FDRE                                         r  Seed_DV_Btn_Inst/r_Count_reg[15]/C
                         clock pessimism              0.274    15.127    
                         clock uncertainty           -0.035    15.092    
    SLICE_X0Y16          FDRE (Setup_fdre_C_R)       -0.429    14.663    Seed_DV_Btn_Inst/r_Count_reg[15]
  -------------------------------------------------------------------
                         required time                         14.663    
                         arrival time                          -8.798    
  -------------------------------------------------------------------
                         slack                                  5.865    

Slack (MET) :             5.977ns  (required time - arrival time)
  Source:                 Seed_DV_Btn_Inst/r_Count_reg[11]/C
                            (rising edge-triggered cell FDRE clocked by sys_clk_pin  {rise@0.000ns fall@5.000ns period=10.000ns})
  Destination:            Seed_DV_Btn_Inst/r_Count_reg[4]/R
                            (rising edge-triggered cell FDRE clocked by sys_clk_pin  {rise@0.000ns fall@5.000ns period=10.000ns})
  Path Group:             sys_clk_pin
  Path Type:              Setup (Max at Slow Process Corner)
  Requirement:            10.000ns  (sys_clk_pin rise@10.000ns - sys_clk_pin rise@0.000ns)
  Data Path Delay:        3.536ns  (logic 0.828ns (23.418%)  route 2.708ns (76.582%))
  Logic Levels:           3  (LUT4=2 LUT6=1)
  Clock Path Skew:        -0.023ns (DCD - SCD + CPR)
    Destination Clock Delay (DCD):    4.855ns = ( 14.855 - 10.000 ) 
    Source Clock Delay      (SCD):    5.152ns
    Clock Pessimism Removal (CPR):    0.274ns
  Clock Uncertainty:      0.035ns  ((TSJ^2 + TIJ^2)^1/2 + DJ) / 2 + PE
    Total System Jitter     (TSJ):    0.071ns
    Total Input Jitter      (TIJ):    0.000ns
    Discrete Jitter          (DJ):    0.000ns
    Phase Error              (PE):    0.000ns

    Location             Delay type                Incr(ns)  Path(ns)    Netlist Resource(s)
  -------------------------------------------------------------------    -------------------
                         (clock sys_clk_pin rise edge)
                                                      0.000     0.000 r  
    W5                                                0.000     0.000 r  i_Clk (IN)
                         net (fo=0)                   0.000     0.000    i_Clk
    W5                   IBUF (Prop_ibuf_I_O)         1.458     1.458 r  i_Clk_IBUF_inst/O
                         net (fo=1, routed)           1.967     3.425    i_Clk_IBUF
    BUFGCTRL_X0Y0        BUFG (Prop_bufg_I_O)         0.096     3.521 r  i_Clk_IBUF_BUFG_inst/O
                         net (fo=70, routed)          1.631     5.152    Seed_DV_Btn_Inst/i_Clk_IBUF_BUFG
    SLICE_X0Y15          FDRE                                         r  Seed_DV_Btn_Inst/r_Count_reg[11]/C
  -------------------------------------------------------------------    -------------------
    SLICE_X0Y15          FDRE (Prop_fdre_C_Q)         0.456     5.608 r  Seed_DV_Btn_Inst/r_Count_reg[11]/Q
                         net (fo=2, routed)           1.138     6.747    Seed_DV_Btn_Inst/r_Count_reg[11]
    SLICE_X1Y15          LUT4 (Prop_lut4_I0_O)        0.124     6.871 f  Seed_DV_Btn_Inst/r_Btn_i_3__0/O
                         net (fo=2, routed)           0.581     7.451    Seed_DV_Btn_Inst/r_Btn_i_3__0_n_0
    SLICE_X1Y13          LUT6 (Prop_lut6_I4_O)        0.124     7.575 f  Seed_DV_Btn_Inst/r_Count[0]_i_3__0/O
                         net (fo=1, routed)           0.433     8.009    Seed_DV_Btn_Inst/r_Count[0]_i_3__0_n_0
    SLICE_X1Y13          LUT4 (Prop_lut4_I1_O)        0.124     8.133 r  Seed_DV_Btn_Inst/r_Count[0]_i_1__0/O
                         net (fo=20, routed)          0.555     8.688    Seed_DV_Btn_Inst/p_0_in
    SLICE_X0Y14          FDRE                                         r  Seed_DV_Btn_Inst/r_Count_reg[4]/R
  -------------------------------------------------------------------    -------------------

                         (clock sys_clk_pin rise edge)
                                                     10.000    10.000 r  
    W5                                                0.000    10.000 r  i_Clk (IN)
                         net (fo=0)                   0.000    10.000    i_Clk
    W5                   IBUF (Prop_ibuf_I_O)         1.388    11.388 r  i_Clk_IBUF_inst/O
                         net (fo=1, routed)           1.862    13.250    i_Clk_IBUF
    BUFGCTRL_X0Y0        BUFG (Prop_bufg_I_O)         0.091    13.341 r  i_Clk_IBUF_BUFG_inst/O
                         net (fo=70, routed)          1.514    14.855    Seed_DV_Btn_Inst/i_Clk_IBUF_BUFG
    SLICE_X0Y14          FDRE                                         r  Seed_DV_Btn_Inst/r_Count_reg[4]/C
                         clock pessimism              0.274    15.129    
                         clock uncertainty           -0.035    15.094    
    SLICE_X0Y14          FDRE (Setup_fdre_C_R)       -0.429    14.665    Seed_DV_Btn_Inst/r_Count_reg[4]
  -------------------------------------------------------------------
                         required time                         14.665    
                         arrival time                          -8.688    
  -------------------------------------------------------------------
                         slack                                  5.977    

Slack (MET) :             5.977ns  (required time - arrival time)
  Source:                 Seed_DV_Btn_Inst/r_Count_reg[11]/C
                            (rising edge-triggered cell FDRE clocked by sys_clk_pin  {rise@0.000ns fall@5.000ns period=10.000ns})
  Destination:            Seed_DV_Btn_Inst/r_Count_reg[5]/R
                            (rising edge-triggered cell FDRE clocked by sys_clk_pin  {rise@0.000ns fall@5.000ns period=10.000ns})
  Path Group:             sys_clk_pin
  Path Type:              Setup (Max at Slow Process Corner)
  Requirement:            10.000ns  (sys_clk_pin rise@10.000ns - sys_clk_pin rise@0.000ns)
  Data Path Delay:        3.536ns  (logic 0.828ns (23.418%)  route 2.708ns (76.582%))
  Logic Levels:           3  (LUT4=2 LUT6=1)
  Clock Path Skew:        -0.023ns (DCD - SCD + CPR)
    Destination Clock Delay (DCD):    4.855ns = ( 14.855 - 10.000 ) 
    Source Clock Delay      (SCD):    5.152ns
    Clock Pessimism Removal (CPR):    0.274ns
  Clock Uncertainty:      0.035ns  ((TSJ^2 + TIJ^2)^1/2 + DJ) / 2 + PE
    Total System Jitter     (TSJ):    0.071ns
    Total Input Jitter      (TIJ):    0.000ns
    Discrete Jitter          (DJ):    0.000ns
    Phase Error              (PE):    0.000ns

    Location             Delay type                Incr(ns)  Path(ns)    Netlist Resource(s)
  -------------------------------------------------------------------    -------------------
                         (clock sys_clk_pin rise edge)
                                                      0.000     0.000 r  
    W5                                                0.000     0.000 r  i_Clk (IN)
                         net (fo=0)                   0.000     0.000    i_Clk
    W5                   IBUF (Prop_ibuf_I_O)         1.458     1.458 r  i_Clk_IBUF_inst/O
                         net (fo=1, routed)           1.967     3.425    i_Clk_IBUF
    BUFGCTRL_X0Y0        BUFG (Prop_bufg_I_O)         0.096     3.521 r  i_Clk_IBUF_BUFG_inst/O
                         net (fo=70, routed)          1.631     5.152    Seed_DV_Btn_Inst/i_Clk_IBUF_BUFG
    SLICE_X0Y15          FDRE                                         r  Seed_DV_Btn_Inst/r_Count_reg[11]/C
  -------------------------------------------------------------------    -------------------
    SLICE_X0Y15          FDRE (Prop_fdre_C_Q)         0.456     5.608 r  Seed_DV_Btn_Inst/r_Count_reg[11]/Q
                         net (fo=2, routed)           1.138     6.747    Seed_DV_Btn_Inst/r_Count_reg[11]
    SLICE_X1Y15          LUT4 (Prop_lut4_I0_O)        0.124     6.871 f  Seed_DV_Btn_Inst/r_Btn_i_3__0/O
                         net (fo=2, routed)           0.581     7.451    Seed_DV_Btn_Inst/r_Btn_i_3__0_n_0
    SLICE_X1Y13          LUT6 (Prop_lut6_I4_O)        0.124     7.575 f  Seed_DV_Btn_Inst/r_Count[0]_i_3__0/O
                         net (fo=1, routed)           0.433     8.009    Seed_DV_Btn_Inst/r_Count[0]_i_3__0_n_0
    SLICE_X1Y13          LUT4 (Prop_lut4_I1_O)        0.124     8.133 r  Seed_DV_Btn_Inst/r_Count[0]_i_1__0/O
                         net (fo=20, routed)          0.555     8.688    Seed_DV_Btn_Inst/p_0_in
    SLICE_X0Y14          FDRE                                         r  Seed_DV_Btn_Inst/r_Count_reg[5]/R
  -------------------------------------------------------------------    -------------------

                         (clock sys_clk_pin rise edge)
                                                     10.000    10.000 r  
    W5                                                0.000    10.000 r  i_Clk (IN)
                         net (fo=0)                   0.000    10.000    i_Clk
    W5                   IBUF (Prop_ibuf_I_O)         1.388    11.388 r  i_Clk_IBUF_inst/O
                         net (fo=1, routed)           1.862    13.250    i_Clk_IBUF
    BUFGCTRL_X0Y0        BUFG (Prop_bufg_I_O)         0.091    13.341 r  i_Clk_IBUF_BUFG_inst/O
                         net (fo=70, routed)          1.514    14.855    Seed_DV_Btn_Inst/i_Clk_IBUF_BUFG
    SLICE_X0Y14          FDRE                                         r  Seed_DV_Btn_Inst/r_Count_reg[5]/C
                         clock pessimism              0.274    15.129    
                         clock uncertainty           -0.035    15.094    
    SLICE_X0Y14          FDRE (Setup_fdre_C_R)       -0.429    14.665    Seed_DV_Btn_Inst/r_Count_reg[5]
  -------------------------------------------------------------------
                         required time                         14.665    
                         arrival time                          -8.688    
  -------------------------------------------------------------------
                         slack                                  5.977    





Min Delay Paths
--------------------------------------------------------------------------------------
Slack (MET) :             0.173ns  (arrival time - required time)
  Source:                 LFSR_Inst/r_LFSR_reg[1]/C
                            (rising edge-triggered cell FDSE clocked by sys_clk_pin  {rise@0.000ns fall@5.000ns period=10.000ns})
  Destination:            LFSR_Inst/r_LFSR_reg[2]/D
                            (rising edge-triggered cell FDSE clocked by sys_clk_pin  {rise@0.000ns fall@5.000ns period=10.000ns})
  Path Group:             sys_clk_pin
  Path Type:              Hold (Min at Fast Process Corner)
  Requirement:            0.000ns  (sys_clk_pin rise@0.000ns - sys_clk_pin rise@0.000ns)
  Data Path Delay:        0.262ns  (logic 0.141ns (53.808%)  route 0.121ns (46.192%))
  Logic Levels:           0  
  Clock Path Skew:        0.013ns (DCD - SCD - CPR)
    Destination Clock Delay (DCD):    1.984ns
    Source Clock Delay      (SCD):    1.472ns
    Clock Pessimism Removal (CPR):    0.499ns

    Location             Delay type                Incr(ns)  Path(ns)    Netlist Resource(s)
  -------------------------------------------------------------------    -------------------
                         (clock sys_clk_pin rise edge)
                                                      0.000     0.000 r  
    W5                                                0.000     0.000 r  i_Clk (IN)
                         net (fo=0)                   0.000     0.000    i_Clk
    W5                   IBUF (Prop_ibuf_I_O)         0.226     0.226 r  i_Clk_IBUF_inst/O
                         net (fo=1, routed)           0.631     0.858    i_Clk_IBUF
    BUFGCTRL_X0Y0        BUFG (Prop_bufg_I_O)         0.026     0.884 r  i_Clk_IBUF_BUFG_inst/O
                         net (fo=70, routed)          0.589     1.472    LFSR_Inst/i_Clk_IBUF_BUFG
    SLICE_X1Y17          FDSE                                         r  LFSR_Inst/r_LFSR_reg[1]/C
  -------------------------------------------------------------------    -------------------
    SLICE_X1Y17          FDSE (Prop_fdse_C_Q)         0.141     1.613 r  LFSR_Inst/r_LFSR_reg[1]/Q
                         net (fo=2, routed)           0.121     1.734    LFSR_Inst/r_LFSR[1]
    SLICE_X0Y18          FDSE                                         r  LFSR_Inst/r_LFSR_reg[2]/D
  -------------------------------------------------------------------    -------------------

                         (clock sys_clk_pin rise edge)
                                                      0.000     0.000 r  
    W5                                                0.000     0.000 r  i_Clk (IN)
                         net (fo=0)                   0.000     0.000    i_Clk
    W5                   IBUF (Prop_ibuf_I_O)         0.414     0.414 r  i_Clk_IBUF_inst/O
                         net (fo=1, routed)           0.685     1.099    i_Clk_IBUF
    BUFGCTRL_X0Y0        BUFG (Prop_bufg_I_O)         0.029     1.128 r  i_Clk_IBUF_BUFG_inst/O
                         net (fo=70, routed)          0.857     1.984    LFSR_Inst/i_Clk_IBUF_BUFG
    SLICE_X0Y18          FDSE                                         r  LFSR_Inst/r_LFSR_reg[2]/C
                         clock pessimism             -0.499     1.485    
    SLICE_X0Y18          FDSE (Hold_fdse_C_D)         0.076     1.561    LFSR_Inst/r_LFSR_reg[2]
  -------------------------------------------------------------------
                         required time                         -1.561    
                         arrival time                           1.734    
  -------------------------------------------------------------------
                         slack                                  0.173    

Slack (MET) :             0.178ns  (arrival time - required time)
  Source:                 LFSR_Inst/r_LFSR_reg[18]/C
                            (rising edge-triggered cell FDRE clocked by sys_clk_pin  {rise@0.000ns fall@5.000ns period=10.000ns})
  Destination:            LFSR_Inst/r_LFSR_reg[19]/D
                            (rising edge-triggered cell FDSE clocked by sys_clk_pin  {rise@0.000ns fall@5.000ns period=10.000ns})
  Path Group:             sys_clk_pin
  Path Type:              Hold (Min at Fast Process Corner)
  Requirement:            0.000ns  (sys_clk_pin rise@0.000ns - sys_clk_pin rise@0.000ns)
  Data Path Delay:        0.250ns  (logic 0.141ns (56.329%)  route 0.109ns (43.671%))
  Logic Levels:           0  
  Clock Path Skew:        0.013ns (DCD - SCD - CPR)
    Destination Clock Delay (DCD):    1.984ns
    Source Clock Delay      (SCD):    1.472ns
    Clock Pessimism Removal (CPR):    0.499ns

    Location             Delay type                Incr(ns)  Path(ns)    Netlist Resource(s)
  -------------------------------------------------------------------    -------------------
                         (clock sys_clk_pin rise edge)
                                                      0.000     0.000 r  
    W5                                                0.000     0.000 r  i_Clk (IN)
                         net (fo=0)                   0.000     0.000    i_Clk
    W5                   IBUF (Prop_ibuf_I_O)         0.226     0.226 r  i_Clk_IBUF_inst/O
                         net (fo=1, routed)           0.631     0.858    i_Clk_IBUF
    BUFGCTRL_X0Y0        BUFG (Prop_bufg_I_O)         0.026     0.884 r  i_Clk_IBUF_BUFG_inst/O
                         net (fo=70, routed)          0.589     1.472    LFSR_Inst/i_Clk_IBUF_BUFG
    SLICE_X1Y17          FDRE                                         r  LFSR_Inst/r_LFSR_reg[18]/C
  -------------------------------------------------------------------    -------------------
    SLICE_X1Y17          FDRE (Prop_fdre_C_Q)         0.141     1.613 r  LFSR_Inst/r_LFSR_reg[18]/Q
                         net (fo=2, routed)           0.109     1.722    LFSR_Inst/r_LFSR[18]
    SLICE_X2Y18          FDSE                                         r  LFSR_Inst/r_LFSR_reg[19]/D
  -------------------------------------------------------------------    -------------------

                         (clock sys_clk_pin rise edge)
                                                      0.000     0.000 r  
    W5                                                0.000     0.000 r  i_Clk (IN)
                         net (fo=0)                   0.000     0.000    i_Clk
    W5                   IBUF (Prop_ibuf_I_O)         0.414     0.414 r  i_Clk_IBUF_inst/O
                         net (fo=1, routed)           0.685     1.099    i_Clk_IBUF
    BUFGCTRL_X0Y0        BUFG (Prop_bufg_I_O)         0.029     1.128 r  i_Clk_IBUF_BUFG_inst/O
                         net (fo=70, routed)          0.857     1.984    LFSR_Inst/i_Clk_IBUF_BUFG
    SLICE_X2Y18          FDSE                                         r  LFSR_Inst/r_LFSR_reg[19]/C
                         clock pessimism             -0.499     1.485    
    SLICE_X2Y18          FDSE (Hold_fdse_C_D)         0.059     1.544    LFSR_Inst/r_LFSR_reg[19]
  -------------------------------------------------------------------
                         required time                         -1.544    
                         arrival time                           1.722    
  -------------------------------------------------------------------
                         slack                                  0.178    

Slack (MET) :             0.190ns  (arrival time - required time)
  Source:                 Enable_Btn_Inst/r_Btn_d_reg/C
                            (rising edge-triggered cell FDRE clocked by sys_clk_pin  {rise@0.000ns fall@5.000ns period=10.000ns})
  Destination:            r_Enable_reg/D
                            (rising edge-triggered cell FDRE clocked by sys_clk_pin  {rise@0.000ns fall@5.000ns period=10.000ns})
  Path Group:             sys_clk_pin
  Path Type:              Hold (Min at Fast Process Corner)
  Requirement:            0.000ns  (sys_clk_pin rise@0.000ns - sys_clk_pin rise@0.000ns)
  Data Path Delay:        0.281ns  (logic 0.227ns (80.665%)  route 0.054ns (19.335%))
  Logic Levels:           1  (LUT3=1)
  Clock Path Skew:        0.000ns (DCD - SCD - CPR)
    Destination Clock Delay (DCD):    1.987ns
    Source Clock Delay      (SCD):    1.474ns
    Clock Pessimism Removal (CPR):    0.513ns

    Location             Delay type                Incr(ns)  Path(ns)    Netlist Resource(s)
  -------------------------------------------------------------------    -------------------
                         (clock sys_clk_pin rise edge)
                                                      0.000     0.000 r  
    W5                                                0.000     0.000 r  i_Clk (IN)
                         net (fo=0)                   0.000     0.000    i_Clk
    W5                   IBUF (Prop_ibuf_I_O)         0.226     0.226 r  i_Clk_IBUF_inst/O
                         net (fo=1, routed)           0.631     0.858    i_Clk_IBUF
    BUFGCTRL_X0Y0        BUFG (Prop_bufg_I_O)         0.026     0.884 r  i_Clk_IBUF_BUFG_inst/O
                         net (fo=70, routed)          0.591     1.474    Enable_Btn_Inst/i_Clk_IBUF_BUFG
    SLICE_X1Y15          FDRE                                         r  Enable_Btn_Inst/r_Btn_d_reg/C
  -------------------------------------------------------------------    -------------------
    SLICE_X1Y15          FDRE (Prop_fdre_C_Q)         0.128     1.602 r  Enable_Btn_Inst/r_Btn_d_reg/Q
                         net (fo=1, routed)           0.054     1.657    Enable_Btn_Inst/r_Btn_d
    SLICE_X1Y15          LUT3 (Prop_lut3_I0_O)        0.099     1.756 r  Enable_Btn_Inst/r_Enable_i_1/O
                         net (fo=1, routed)           0.000     1.756    Enable_Btn_Inst_n_0
    SLICE_X1Y15          FDRE                                         r  r_Enable_reg/D
  -------------------------------------------------------------------    -------------------

                         (clock sys_clk_pin rise edge)
                                                      0.000     0.000 r  
    W5                                                0.000     0.000 r  i_Clk (IN)
                         net (fo=0)                   0.000     0.000    i_Clk
    W5                   IBUF (Prop_ibuf_I_O)         0.414     0.414 r  i_Clk_IBUF_inst/O
                         net (fo=1, routed)           0.685     1.099    i_Clk_IBUF
    BUFGCTRL_X0Y0        BUFG (Prop_bufg_I_O)         0.029     1.128 r  i_Clk_IBUF_BUFG_inst/O
                         net (fo=70, routed)          0.860     1.987    i_Clk_IBUF_BUFG
    SLICE_X1Y15          FDRE                                         r  r_Enable_reg/C
                         clock pessimism             -0.513     1.474    
    SLICE_X1Y15          FDRE (Hold_fdre_C_D)         0.091     1.565    r_Enable_reg
  -------------------------------------------------------------------
                         required time                         -1.565    
                         arrival time                           1.756    
  -------------------------------------------------------------------
                         slack                                  0.190    

Slack (MET) :             0.198ns  (arrival time - required time)
  Source:                 LFSR_Inst/r_LFSR_reg[22]/C
                            (rising edge-triggered cell FDSE clocked by sys_clk_pin  {rise@0.000ns fall@5.000ns period=10.000ns})
  Destination:            LFSR_Inst/r_LFSR_reg[23]/D
                            (rising edge-triggered cell FDRE clocked by sys_clk_pin  {rise@0.000ns fall@5.000ns period=10.000ns})
  Path Group:             sys_clk_pin
  Path Type:              Hold (Min at Fast Process Corner)
  Requirement:            0.000ns  (sys_clk_pin rise@0.000ns - sys_clk_pin rise@0.000ns)
  Data Path Delay:        0.269ns  (logic 0.141ns (52.358%)  route 0.128ns (47.642%))
  Logic Levels:           0  
  Clock Path Skew:        0.000ns (DCD - SCD - CPR)
    Destination Clock Delay (DCD):    1.985ns
    Source Clock Delay      (SCD):    1.472ns
    Clock Pessimism Removal (CPR):    0.513ns

    Location             Delay type                Incr(ns)  Path(ns)    Netlist Resource(s)
  -------------------------------------------------------------------    -------------------
                         (clock sys_clk_pin rise edge)
                                                      0.000     0.000 r  
    W5                                                0.000     0.000 r  i_Clk (IN)
                         net (fo=0)                   0.000     0.000    i_Clk
    W5                   IBUF (Prop_ibuf_I_O)         0.226     0.226 r  i_Clk_IBUF_inst/O
                         net (fo=1, routed)           0.631     0.858    i_Clk_IBUF
    BUFGCTRL_X0Y0        BUFG (Prop_bufg_I_O)         0.026     0.884 r  i_Clk_IBUF_BUFG_inst/O
                         net (fo=70, routed)          0.589     1.472    LFSR_Inst/i_Clk_IBUF_BUFG
    SLICE_X1Y17          FDSE                                         r  LFSR_Inst/r_LFSR_reg[22]/C
  -------------------------------------------------------------------    -------------------
    SLICE_X1Y17          FDSE (Prop_fdse_C_Q)         0.141     1.613 r  LFSR_Inst/r_LFSR_reg[22]/Q
                         net (fo=3, routed)           0.128     1.741    LFSR_Inst/r_LFSR[22]
    SLICE_X1Y17          FDRE                                         r  LFSR_Inst/r_LFSR_reg[23]/D
  -------------------------------------------------------------------    -------------------

                         (clock sys_clk_pin rise edge)
                                                      0.000     0.000 r  
    W5                                                0.000     0.000 r  i_Clk (IN)
                         net (fo=0)                   0.000     0.000    i_Clk
    W5                   IBUF (Prop_ibuf_I_O)         0.414     0.414 r  i_Clk_IBUF_inst/O
                         net (fo=1, routed)           0.685     1.099    i_Clk_IBUF
    BUFGCTRL_X0Y0        BUFG (Prop_bufg_I_O)         0.029     1.128 r  i_Clk_IBUF_BUFG_inst/O
                         net (fo=70, routed)          0.858     1.985    LFSR_Inst/i_Clk_IBUF_BUFG
    SLICE_X1Y17          FDRE                                         r  LFSR_Inst/r_LFSR_reg[23]/C
                         clock pessimism             -0.513     1.472    
    SLICE_X1Y17          FDRE (Hold_fdre_C_D)         0.071     1.543    LFSR_Inst/r_LFSR_reg[23]
  -------------------------------------------------------------------
                         required time                         -1.543    
                         arrival time                           1.741    
  -------------------------------------------------------------------
                         slack                                  0.198    

Slack (MET) :             0.228ns  (arrival time - required time)
  Source:                 LFSR_Inst/r_LFSR_reg[13]/C
                            (rising edge-triggered cell FDRE clocked by sys_clk_pin  {rise@0.000ns fall@5.000ns period=10.000ns})
  Destination:            LFSR_Inst/r_LFSR_reg[14]/D
                            (rising edge-triggered cell FDSE clocked by sys_clk_pin  {rise@0.000ns fall@5.000ns period=10.000ns})
  Path Group:             sys_clk_pin
  Path Type:              Hold (Min at Fast Process Corner)
  Requirement:            0.000ns  (sys_clk_pin rise@0.000ns - sys_clk_pin rise@0.000ns)
  Data Path Delay:        0.275ns  (logic 0.141ns (51.295%)  route 0.134ns (48.705%))
  Logic Levels:           0  
  Clock Path Skew:        0.000ns (DCD - SCD - CPR)
    Destination Clock Delay (DCD):    1.984ns
    Source Clock Delay      (SCD):    1.471ns
    Clock Pessimism Removal (CPR):    0.513ns

    Location             Delay type                Incr(ns)  Path(ns)    Netlist Resource(s)
  -------------------------------------------------------------------    -------------------
                         (clock sys_clk_pin rise edge)
                                                      0.000     0.000 r  
    W5                                                0.000     0.000 r  i_Clk (IN)
                         net (fo=0)                   0.000     0.000    i_Clk
    W5                   IBUF (Prop_ibuf_I_O)         0.226     0.226 r  i_Clk_IBUF_inst/O
                         net (fo=1, routed)           0.631     0.858    i_Clk_IBUF
    BUFGCTRL_X0Y0        BUFG (Prop_bufg_I_O)         0.026     0.884 r  i_Clk_IBUF_BUFG_inst/O
                         net (fo=70, routed)          0.588     1.471    LFSR_Inst/i_Clk_IBUF_BUFG
    SLICE_X0Y18          FDRE                                         r  LFSR_Inst/r_LFSR_reg[13]/C
  -------------------------------------------------------------------    -------------------
    SLICE_X0Y18          FDRE (Prop_fdre_C_Q)         0.141     1.612 r  LFSR_Inst/r_LFSR_reg[13]/Q
                         net (fo=2, routed)           0.134     1.746    LFSR_Inst/r_LFSR[13]
    SLICE_X0Y18          FDSE                                         r  LFSR_Inst/r_LFSR_reg[14]/D
  -------------------------------------------------------------------    -------------------

                         (clock sys_clk_pin rise edge)
                                                      0.000     0.000 r  
    W5                                                0.000     0.000 r  i_Clk (IN)
                         net (fo=0)                   0.000     0.000    i_Clk
    W5                   IBUF (Prop_ibuf_I_O)         0.414     0.414 r  i_Clk_IBUF_inst/O
                         net (fo=1, routed)           0.685     1.099    i_Clk_IBUF
    BUFGCTRL_X0Y0        BUFG (Prop_bufg_I_O)         0.029     1.128 r  i_Clk_IBUF_BUFG_inst/O
                         net (fo=70, routed)          0.857     1.984    LFSR_Inst/i_Clk_IBUF_BUFG
    SLICE_X0Y18          FDSE                                         r  LFSR_Inst/r_LFSR_reg[14]/C
                         clock pessimism             -0.513     1.471    
    SLICE_X0Y18          FDSE (Hold_fdse_C_D)         0.047     1.518    LFSR_Inst/r_LFSR_reg[14]
  -------------------------------------------------------------------
                         required time                         -1.518    
                         arrival time                           1.746    
  -------------------------------------------------------------------
                         slack                                  0.228    

Slack (MET) :             0.229ns  (arrival time - required time)
  Source:                 Enable_Btn_Inst/r_Btn_reg/C
                            (rising edge-triggered cell FDRE clocked by sys_clk_pin  {rise@0.000ns fall@5.000ns period=10.000ns})
  Destination:            Enable_Btn_Inst/r_Btn_d_reg/D
                            (rising edge-triggered cell FDRE clocked by sys_clk_pin  {rise@0.000ns fall@5.000ns period=10.000ns})
  Path Group:             sys_clk_pin
  Path Type:              Hold (Min at Fast Process Corner)
  Requirement:            0.000ns  (sys_clk_pin rise@0.000ns - sys_clk_pin rise@0.000ns)
  Data Path Delay:        0.341ns  (logic 0.141ns (41.366%)  route 0.200ns (58.634%))
  Logic Levels:           0  
  Clock Path Skew:        0.037ns (DCD - SCD - CPR)
    Destination Clock Delay (DCD):    1.987ns
    Source Clock Delay      (SCD):    1.472ns
    Clock Pessimism Removal (CPR):    0.478ns

    Location             Delay type                Incr(ns)  Path(ns)    Netlist Resource(s)
  -------------------------------------------------------------------    -------------------
                         (clock sys_clk_pin rise edge)
                                                      0.000     0.000 r  
    W5                                                0.000     0.000 r  i_Clk (IN)
                         net (fo=0)                   0.000     0.000    i_Clk
    W5                   IBUF (Prop_ibuf_I_O)         0.226     0.226 r  i_Clk_IBUF_inst/O
                         net (fo=1, routed)           0.631     0.858    i_Clk_IBUF
    BUFGCTRL_X0Y0        BUFG (Prop_bufg_I_O)         0.026     0.884 r  i_Clk_IBUF_BUFG_inst/O
                         net (fo=70, routed)          0.589     1.472    Enable_Btn_Inst/i_Clk_IBUF_BUFG
    SLICE_X5Y15          FDRE                                         r  Enable_Btn_Inst/r_Btn_reg/C
  -------------------------------------------------------------------    -------------------
    SLICE_X5Y15          FDRE (Prop_fdre_C_Q)         0.141     1.613 r  Enable_Btn_Inst/r_Btn_reg/Q
                         net (fo=3, routed)           0.200     1.813    Enable_Btn_Inst/r_Btn_reg_n_0
    SLICE_X1Y15          FDRE                                         r  Enable_Btn_Inst/r_Btn_d_reg/D
  -------------------------------------------------------------------    -------------------

                         (clock sys_clk_pin rise edge)
                                                      0.000     0.000 r  
    W5                                                0.000     0.000 r  i_Clk (IN)
                         net (fo=0)                   0.000     0.000    i_Clk
    W5                   IBUF (Prop_ibuf_I_O)         0.414     0.414 r  i_Clk_IBUF_inst/O
                         net (fo=1, routed)           0.685     1.099    i_Clk_IBUF
    BUFGCTRL_X0Y0        BUFG (Prop_bufg_I_O)         0.029     1.128 r  i_Clk_IBUF_BUFG_inst/O
                         net (fo=70, routed)          0.860     1.987    Enable_Btn_Inst/i_Clk_IBUF_BUFG
    SLICE_X1Y15          FDRE                                         r  Enable_Btn_Inst/r_Btn_d_reg/C
                         clock pessimism             -0.478     1.509    
    SLICE_X1Y15          FDRE (Hold_fdre_C_D)         0.075     1.584    Enable_Btn_Inst/r_Btn_d_reg
  -------------------------------------------------------------------
                         required time                         -1.584    
                         arrival time                           1.813    
  -------------------------------------------------------------------
                         slack                                  0.229    

Slack (MET) :             0.234ns  (arrival time - required time)
  Source:                 LFSR_Inst/r_LFSR_reg[2]/C
                            (rising edge-triggered cell FDSE clocked by sys_clk_pin  {rise@0.000ns fall@5.000ns period=10.000ns})
  Destination:            LFSR_Inst/r_LFSR_reg[3]/D
                            (rising edge-triggered cell FDRE clocked by sys_clk_pin  {rise@0.000ns fall@5.000ns period=10.000ns})
  Path Group:             sys_clk_pin
  Path Type:              Hold (Min at Fast Process Corner)
  Requirement:            0.000ns  (sys_clk_pin rise@0.000ns - sys_clk_pin rise@0.000ns)
  Data Path Delay:        0.259ns  (logic 0.128ns (49.509%)  route 0.131ns (50.491%))
  Logic Levels:           0  
  Clock Path Skew:        0.000ns (DCD - SCD - CPR)
    Destination Clock Delay (DCD):    1.984ns
    Source Clock Delay      (SCD):    1.471ns
    Clock Pessimism Removal (CPR):    0.513ns

    Location             Delay type                Incr(ns)  Path(ns)    Netlist Resource(s)
  -------------------------------------------------------------------    -------------------
                         (clock sys_clk_pin rise edge)
                                                      0.000     0.000 r  
    W5                                                0.000     0.000 r  i_Clk (IN)
                         net (fo=0)                   0.000     0.000    i_Clk
    W5                   IBUF (Prop_ibuf_I_O)         0.226     0.226 r  i_Clk_IBUF_inst/O
                         net (fo=1, routed)           0.631     0.858    i_Clk_IBUF
    BUFGCTRL_X0Y0        BUFG (Prop_bufg_I_O)         0.026     0.884 r  i_Clk_IBUF_BUFG_inst/O
                         net (fo=70, routed)          0.588     1.471    LFSR_Inst/i_Clk_IBUF_BUFG
    SLICE_X0Y18          FDSE                                         r  LFSR_Inst/r_LFSR_reg[2]/C
  -------------------------------------------------------------------    -------------------
    SLICE_X0Y18          FDSE (Prop_fdse_C_Q)         0.128     1.599 r  LFSR_Inst/r_LFSR_reg[2]/Q
                         net (fo=2, routed)           0.131     1.730    LFSR_Inst/r_LFSR[2]
    SLICE_X0Y18          FDRE                                         r  LFSR_Inst/r_LFSR_reg[3]/D
  -------------------------------------------------------------------    -------------------

                         (clock sys_clk_pin rise edge)
                                                      0.000     0.000 r  
    W5                                                0.000     0.000 r  i_Clk (IN)
                         net (fo=0)                   0.000     0.000    i_Clk
    W5                   IBUF (Prop_ibuf_I_O)         0.414     0.414 r  i_Clk_IBUF_inst/O
                         net (fo=1, routed)           0.685     1.099    i_Clk_IBUF
    BUFGCTRL_X0Y0        BUFG (Prop_bufg_I_O)         0.029     1.128 r  i_Clk_IBUF_BUFG_inst/O
                         net (fo=70, routed)          0.857     1.984    LFSR_Inst/i_Clk_IBUF_BUFG
    SLICE_X0Y18          FDRE                                         r  LFSR_Inst/r_LFSR_reg[3]/C
                         clock pessimism             -0.513     1.471    
    SLICE_X0Y18          FDRE (Hold_fdre_C_D)         0.025     1.496    LFSR_Inst/r_LFSR_reg[3]
  -------------------------------------------------------------------
                         required time                         -1.496    
                         arrival time                           1.730    
  -------------------------------------------------------------------
                         slack                                  0.234    

Slack (MET) :             0.234ns  (arrival time - required time)
  Source:                 LFSR_Inst/r_LFSR_reg[3]/C
                            (rising edge-triggered cell FDRE clocked by sys_clk_pin  {rise@0.000ns fall@5.000ns period=10.000ns})
  Destination:            LFSR_Inst/r_LFSR_reg[4]/D
                            (rising edge-triggered cell FDRE clocked by sys_clk_pin  {rise@0.000ns fall@5.000ns period=10.000ns})
  Path Group:             sys_clk_pin
  Path Type:              Hold (Min at Fast Process Corner)
  Requirement:            0.000ns  (sys_clk_pin rise@0.000ns - sys_clk_pin rise@0.000ns)
  Data Path Delay:        0.260ns  (logic 0.128ns (49.198%)  route 0.132ns (50.802%))
  Logic Levels:           0  
  Clock Path Skew:        0.013ns (DCD - SCD - CPR)
    Destination Clock Delay (DCD):    1.983ns
    Source Clock Delay      (SCD):    1.471ns
    Clock Pessimism Removal (CPR):    0.499ns

    Location             Delay type                Incr(ns)  Path(ns)    Netlist Resource(s)
  -------------------------------------------------------------------    -------------------
                         (clock sys_clk_pin rise edge)
                                                      0.000     0.000 r  
    W5                                                0.000     0.000 r  i_Clk (IN)
                         net (fo=0)                   0.000     0.000    i_Clk
    W5                   IBUF (Prop_ibuf_I_O)         0.226     0.226 r  i_Clk_IBUF_inst/O
                         net (fo=1, routed)           0.631     0.858    i_Clk_IBUF
    BUFGCTRL_X0Y0        BUFG (Prop_bufg_I_O)         0.026     0.884 r  i_Clk_IBUF_BUFG_inst/O
                         net (fo=70, routed)          0.588     1.471    LFSR_Inst/i_Clk_IBUF_BUFG
    SLICE_X0Y18          FDRE                                         r  LFSR_Inst/r_LFSR_reg[3]/C
  -------------------------------------------------------------------    -------------------
    SLICE_X0Y18          FDRE (Prop_fdre_C_Q)         0.128     1.599 r  LFSR_Inst/r_LFSR_reg[3]/Q
                         net (fo=2, routed)           0.132     1.731    LFSR_Inst/r_LFSR[3]
    SLICE_X1Y19          FDRE                                         r  LFSR_Inst/r_LFSR_reg[4]/D
  -------------------------------------------------------------------    -------------------

                         (clock sys_clk_pin rise edge)
                                                      0.000     0.000 r  
    W5                                                0.000     0.000 r  i_Clk (IN)
                         net (fo=0)                   0.000     0.000    i_Clk
    W5                   IBUF (Prop_ibuf_I_O)         0.414     0.414 r  i_Clk_IBUF_inst/O
                         net (fo=1, routed)           0.685     1.099    i_Clk_IBUF
    BUFGCTRL_X0Y0        BUFG (Prop_bufg_I_O)         0.029     1.128 r  i_Clk_IBUF_BUFG_inst/O
                         net (fo=70, routed)          0.856     1.983    LFSR_Inst/i_Clk_IBUF_BUFG
    SLICE_X1Y19          FDRE                                         r  LFSR_Inst/r_LFSR_reg[4]/C
                         clock pessimism             -0.499     1.484    
    SLICE_X1Y19          FDRE (Hold_fdre_C_D)         0.013     1.497    LFSR_Inst/r_LFSR_reg[4]
  -------------------------------------------------------------------
                         required time                         -1.497    
                         arrival time                           1.731    
  -------------------------------------------------------------------
                         slack                                  0.234    

Slack (MET) :             0.239ns  (arrival time - required time)
  Source:                 LFSR_Inst/r_LFSR_reg[23]/C
                            (rising edge-triggered cell FDRE clocked by sys_clk_pin  {rise@0.000ns fall@5.000ns period=10.000ns})
  Destination:            LFSR_Inst/r_LFSR_reg[24]/D
                            (rising edge-triggered cell FDSE clocked by sys_clk_pin  {rise@0.000ns fall@5.000ns period=10.000ns})
  Path Group:             sys_clk_pin
  Path Type:              Hold (Min at Fast Process Corner)
  Requirement:            0.000ns  (sys_clk_pin rise@0.000ns - sys_clk_pin rise@0.000ns)
  Data Path Delay:        0.262ns  (logic 0.128ns (48.842%)  route 0.134ns (51.158%))
  Logic Levels:           0  
  Clock Path Skew:        0.000ns (DCD - SCD - CPR)
    Destination Clock Delay (DCD):    1.985ns
    Source Clock Delay      (SCD):    1.472ns
    Clock Pessimism Removal (CPR):    0.513ns

    Location             Delay type                Incr(ns)  Path(ns)    Netlist Resource(s)
  -------------------------------------------------------------------    -------------------
                         (clock sys_clk_pin rise edge)
                                                      0.000     0.000 r  
    W5                                                0.000     0.000 r  i_Clk (IN)
                         net (fo=0)                   0.000     0.000    i_Clk
    W5                   IBUF (Prop_ibuf_I_O)         0.226     0.226 r  i_Clk_IBUF_inst/O
                         net (fo=1, routed)           0.631     0.858    i_Clk_IBUF
    BUFGCTRL_X0Y0        BUFG (Prop_bufg_I_O)         0.026     0.884 r  i_Clk_IBUF_BUFG_inst/O
                         net (fo=70, routed)          0.589     1.472    LFSR_Inst/i_Clk_IBUF_BUFG
    SLICE_X1Y17          FDRE                                         r  LFSR_Inst/r_LFSR_reg[23]/C
  -------------------------------------------------------------------    -------------------
    SLICE_X1Y17          FDRE (Prop_fdre_C_Q)         0.128     1.600 r  LFSR_Inst/r_LFSR_reg[23]/Q
                         net (fo=3, routed)           0.134     1.734    LFSR_Inst/r_LFSR[23]
    SLICE_X1Y17          FDSE                                         r  LFSR_Inst/r_LFSR_reg[24]/D
  -------------------------------------------------------------------    -------------------

                         (clock sys_clk_pin rise edge)
                                                      0.000     0.000 r  
    W5                                                0.000     0.000 r  i_Clk (IN)
                         net (fo=0)                   0.000     0.000    i_Clk
    W5                   IBUF (Prop_ibuf_I_O)         0.414     0.414 r  i_Clk_IBUF_inst/O
                         net (fo=1, routed)           0.685     1.099    i_Clk_IBUF
    BUFGCTRL_X0Y0        BUFG (Prop_bufg_I_O)         0.029     1.128 r  i_Clk_IBUF_BUFG_inst/O
                         net (fo=70, routed)          0.858     1.985    LFSR_Inst/i_Clk_IBUF_BUFG
    SLICE_X1Y17          FDSE                                         r  LFSR_Inst/r_LFSR_reg[24]/C
                         clock pessimism             -0.513     1.472    
    SLICE_X1Y17          FDSE (Hold_fdse_C_D)         0.023     1.495    LFSR_Inst/r_LFSR_reg[24]
  -------------------------------------------------------------------
                         required time                         -1.495    
                         arrival time                           1.734    
  -------------------------------------------------------------------
                         slack                                  0.239    

Slack (MET) :             0.244ns  (arrival time - required time)
  Source:                 LFSR_Inst/r_LFSR_reg[21]/C
                            (rising edge-triggered cell FDRE clocked by sys_clk_pin  {rise@0.000ns fall@5.000ns period=10.000ns})
  Destination:            LFSR_Inst/r_LFSR_reg[22]/D
                            (rising edge-triggered cell FDSE clocked by sys_clk_pin  {rise@0.000ns fall@5.000ns period=10.000ns})
  Path Group:             sys_clk_pin
  Path Type:              Hold (Min at Fast Process Corner)
  Requirement:            0.000ns  (sys_clk_pin rise@0.000ns - sys_clk_pin rise@0.000ns)
  Data Path Delay:        0.331ns  (logic 0.164ns (49.559%)  route 0.167ns (50.441%))
  Logic Levels:           0  
  Clock Path Skew:        0.015ns (DCD - SCD - CPR)
    Destination Clock Delay (DCD):    1.985ns
    Source Clock Delay      (SCD):    1.471ns
    Clock Pessimism Removal (CPR):    0.499ns

    Location             Delay type                Incr(ns)  Path(ns)    Netlist Resource(s)
  -------------------------------------------------------------------    -------------------
                         (clock sys_clk_pin rise edge)
                                                      0.000     0.000 r  
    W5                                                0.000     0.000 r  i_Clk (IN)
                         net (fo=0)                   0.000     0.000    i_Clk
    W5                   IBUF (Prop_ibuf_I_O)         0.226     0.226 r  i_Clk_IBUF_inst/O
                         net (fo=1, routed)           0.631     0.858    i_Clk_IBUF
    BUFGCTRL_X0Y0        BUFG (Prop_bufg_I_O)         0.026     0.884 r  i_Clk_IBUF_BUFG_inst/O
                         net (fo=70, routed)          0.588     1.471    LFSR_Inst/i_Clk_IBUF_BUFG
    SLICE_X2Y18          FDRE                                         r  LFSR_Inst/r_LFSR_reg[21]/C
  -------------------------------------------------------------------    -------------------
    SLICE_X2Y18          FDRE (Prop_fdre_C_Q)         0.164     1.635 r  LFSR_Inst/r_LFSR_reg[21]/Q
                         net (fo=2, routed)           0.167     1.802    LFSR_Inst/r_LFSR[21]
    SLICE_X1Y17          FDSE                                         r  LFSR_Inst/r_LFSR_reg[22]/D
  -------------------------------------------------------------------    -------------------

                         (clock sys_clk_pin rise edge)
                                                      0.000     0.000 r  
    W5                                                0.000     0.000 r  i_Clk (IN)
                         net (fo=0)                   0.000     0.000    i_Clk
    W5                   IBUF (Prop_ibuf_I_O)         0.414     0.414 r  i_Clk_IBUF_inst/O
                         net (fo=1, routed)           0.685     1.099    i_Clk_IBUF
    BUFGCTRL_X0Y0        BUFG (Prop_bufg_I_O)         0.029     1.128 r  i_Clk_IBUF_BUFG_inst/O
                         net (fo=70, routed)          0.858     1.985    LFSR_Inst/i_Clk_IBUF_BUFG
    SLICE_X1Y17          FDSE                                         r  LFSR_Inst/r_LFSR_reg[22]/C
                         clock pessimism             -0.499     1.486    
    SLICE_X1Y17          FDSE (Hold_fdse_C_D)         0.072     1.558    LFSR_Inst/r_LFSR_reg[22]
  -------------------------------------------------------------------
                         required time                         -1.558    
                         arrival time                           1.802    
  -------------------------------------------------------------------
                         slack                                  0.244    





Pulse Width Checks
--------------------------------------------------------------------------------------
Clock Name:         sys_clk_pin
Waveform(ns):       { 0.000 5.000 }
Period(ns):         10.000
Sources:            { i_Clk }

Check Type        Corner  Lib Pin  Reference Pin  Required(ns)  Actual(ns)  Slack(ns)  Location       Pin
Min Period        n/a     BUFG/I   n/a            2.155         10.000      7.845      BUFGCTRL_X0Y0  i_Clk_IBUF_BUFG_inst/I
Min Period        n/a     FDRE/C   n/a            1.000         10.000      9.000      SLICE_X1Y15    r_Enable_reg/C
Min Period        n/a     FDRE/C   n/a            1.000         10.000      9.000      SLICE_X1Y18    r_Toggling_Signal_reg/C
Min Period        n/a     FDRE/C   n/a            1.000         10.000      9.000      SLICE_X1Y15    Enable_Btn_Inst/r_Btn_d_reg/C
Min Period        n/a     FDRE/C   n/a            1.000         10.000      9.000      SLICE_X5Y15    Enable_Btn_Inst/r_Btn_reg/C
Min Period        n/a     FDRE/C   n/a            1.000         10.000      9.000      SLICE_X4Y13    Enable_Btn_Inst/r_Count_reg[0]/C
Min Period        n/a     FDRE/C   n/a            1.000         10.000      9.000      SLICE_X4Y15    Enable_Btn_Inst/r_Count_reg[10]/C
Min Period        n/a     FDRE/C   n/a            1.000         10.000      9.000      SLICE_X4Y15    Enable_Btn_Inst/r_Count_reg[11]/C
Min Period        n/a     FDRE/C   n/a            1.000         10.000      9.000      SLICE_X4Y16    Enable_Btn_Inst/r_Count_reg[12]/C
Min Period        n/a     FDRE/C   n/a            1.000         10.000      9.000      SLICE_X4Y16    Enable_Btn_Inst/r_Count_reg[13]/C
Low Pulse Width   Slow    FDRE/C   n/a            0.500         5.000       4.500      SLICE_X1Y15    r_Enable_reg/C
Low Pulse Width   Fast    FDRE/C   n/a            0.500         5.000       4.500      SLICE_X1Y15    r_Enable_reg/C
Low Pulse Width   Slow    FDRE/C   n/a            0.500         5.000       4.500      SLICE_X1Y18    r_Toggling_Signal_reg/C
Low Pulse Width   Fast    FDRE/C   n/a            0.500         5.000       4.500      SLICE_X1Y18    r_Toggling_Signal_reg/C
Low Pulse Width   Slow    FDRE/C   n/a            0.500         5.000       4.500      SLICE_X1Y15    Enable_Btn_Inst/r_Btn_d_reg/C
Low Pulse Width   Fast    FDRE/C   n/a            0.500         5.000       4.500      SLICE_X1Y15    Enable_Btn_Inst/r_Btn_d_reg/C
Low Pulse Width   Slow    FDRE/C   n/a            0.500         5.000       4.500      SLICE_X5Y15    Enable_Btn_Inst/r_Btn_reg/C
Low Pulse Width   Fast    FDRE/C   n/a            0.500         5.000       4.500      SLICE_X5Y15    Enable_Btn_Inst/r_Btn_reg/C
Low Pulse Width   Slow    FDRE/C   n/a            0.500         5.000       4.500      SLICE_X4Y13    Enable_Btn_Inst/r_Count_reg[0]/C
Low Pulse Width   Fast    FDRE/C   n/a            0.500         5.000       4.500      SLICE_X4Y13    Enable_Btn_Inst/r_Count_reg[0]/C
High Pulse Width  Slow    FDRE/C   n/a            0.500         5.000       4.500      SLICE_X1Y15    r_Enable_reg/C
High Pulse Width  Fast    FDRE/C   n/a            0.500         5.000       4.500      SLICE_X1Y15    r_Enable_reg/C
High Pulse Width  Slow    FDRE/C   n/a            0.500         5.000       4.500      SLICE_X1Y18    r_Toggling_Signal_reg/C
High Pulse Width  Fast    FDRE/C   n/a            0.500         5.000       4.500      SLICE_X1Y18    r_Toggling_Signal_reg/C
High Pulse Width  Slow    FDRE/C   n/a            0.500         5.000       4.500      SLICE_X1Y15    Enable_Btn_Inst/r_Btn_d_reg/C
High Pulse Width  Fast    FDRE/C   n/a            0.500         5.000       4.500      SLICE_X1Y15    Enable_Btn_Inst/r_Btn_d_reg/C
High Pulse Width  Slow    FDRE/C   n/a            0.500         5.000       4.500      SLICE_X5Y15    Enable_Btn_Inst/r_Btn_reg/C
High Pulse Width  Fast    FDRE/C   n/a            0.500         5.000       4.500      SLICE_X5Y15    Enable_Btn_Inst/r_Btn_reg/C
High Pulse Width  Slow    FDRE/C   n/a            0.500         5.000       4.500      SLICE_X4Y13    Enable_Btn_Inst/r_Count_reg[0]/C
High Pulse Width  Fast    FDRE/C   n/a            0.500         5.000       4.500      SLICE_X4Y13    Enable_Btn_Inst/r_Count_reg[0]/C



--------------------------------------------------------------------------------------
Path Group:  (none)
From Clock:  
  To Clock:  

Max Delay             4 Endpoints
Min Delay             4 Endpoints
--------------------------------------------------------------------------------------


Max Delay Paths
--------------------------------------------------------------------------------------
Slack:                    inf
  Source:                 i_Switch1
                            (input port)
  Destination:            o_LED2
                            (output port)
  Path Group:             (none)
  Path Type:              Max at Slow Process Corner
  Data Path Delay:        9.007ns  (logic 5.107ns (56.693%)  route 3.901ns (43.307%))
  Logic Levels:           3  (IBUF=1 LUT3=1 OBUF=1)

    Location             Delay type                Incr(ns)  Path(ns)    Netlist Resource(s)
  -------------------------------------------------------------------    -------------------
    V17                                               0.000     0.000 r  i_Switch1 (IN)
                         net (fo=0)                   0.000     0.000    i_Switch1
    V17                  IBUF (Prop_ibuf_I_O)         1.453     1.453 r  i_Switch1_IBUF_inst/O
                         net (fo=4, routed)           1.405     2.857    i_Switch1_IBUF
    SLICE_X1Y19          LUT3 (Prop_lut3_I0_O)        0.124     2.981 r  o_LED2_OBUF_inst_i_1/O
                         net (fo=1, routed)           2.496     5.478    o_LED2_OBUF
    E19                  OBUF (Prop_obuf_I_O)         3.530     9.007 r  o_LED2_OBUF_inst/O
                         net (fo=0)                   0.000     9.007    o_LED2
    E19                                                               r  o_LED2 (OUT)
  -------------------------------------------------------------------    -------------------

Slack:                    inf
  Source:                 i_Switch1
                            (input port)
  Destination:            o_LED1
                            (output port)
  Path Group:             (none)
  Path Type:              Max at Slow Process Corner
  Data Path Delay:        8.843ns  (logic 5.310ns (60.046%)  route 3.533ns (39.954%))
  Logic Levels:           3  (IBUF=1 LUT3=1 OBUF=1)

    Location             Delay type                Incr(ns)  Path(ns)    Netlist Resource(s)
  -------------------------------------------------------------------    -------------------
    V17                                               0.000     0.000 f  i_Switch1 (IN)
                         net (fo=0)                   0.000     0.000    i_Switch1
    V17                  IBUF (Prop_ibuf_I_O)         1.453     1.453 f  i_Switch1_IBUF_inst/O
                         net (fo=4, routed)           1.405     2.857    i_Switch1_IBUF
    SLICE_X1Y19          LUT3 (Prop_lut3_I0_O)        0.150     3.007 r  o_LED1_OBUF_inst_i_1/O
                         net (fo=1, routed)           2.128     5.136    o_LED1_OBUF
    U16                  OBUF (Prop_obuf_I_O)         3.707     8.843 r  o_LED1_OBUF_inst/O
                         net (fo=0)                   0.000     8.843    o_LED1
    U16                                                               r  o_LED1 (OUT)
  -------------------------------------------------------------------    -------------------

Slack:                    inf
  Source:                 i_Switch1
                            (input port)
  Destination:            o_LED4
                            (output port)
  Path Group:             (none)
  Path Type:              Max at Slow Process Corner
  Data Path Delay:        8.406ns  (logic 5.322ns (63.310%)  route 3.084ns (36.690%))
  Logic Levels:           3  (IBUF=1 LUT3=1 OBUF=1)

    Location             Delay type                Incr(ns)  Path(ns)    Netlist Resource(s)
  -------------------------------------------------------------------    -------------------
    V17                                               0.000     0.000 r  i_Switch1 (IN)
                         net (fo=0)                   0.000     0.000    i_Switch1
    V17                  IBUF (Prop_ibuf_I_O)         1.453     1.453 r  i_Switch1_IBUF_inst/O
                         net (fo=4, routed)           1.410     2.862    i_Switch1_IBUF
    SLICE_X1Y19          LUT3 (Prop_lut3_I0_O)        0.152     3.014 r  o_LED4_OBUF_inst_i_1/O
                         net (fo=1, routed)           1.675     4.689    o_LED4_OBUF
    V19                  OBUF (Prop_obuf_I_O)         3.717     8.406 r  o_LED4_OBUF_inst/O
                         net (fo=0)                   0.000     8.406    o_LED4
    V19                                                               r  o_LED4 (OUT)
  -------------------------------------------------------------------    -------------------

Slack:                    inf
  Source:                 i_Switch1
                            (input port)
  Destination:            o_LED3
                            (output port)
  Path Group:             (none)
  Path Type:              Max at Slow Process Corner
  Data Path Delay:        8.161ns  (logic 5.078ns (62.219%)  route 3.083ns (37.782%))
  Logic Levels:           3  (IBUF=1 LUT3=1 OBUF=1)

    Location             Delay type                Incr(ns)  Path(ns)    Netlist Resource(s)
  -------------------------------------------------------------------    -------------------
    V17                                               0.000     0.000 f  i_Switch1 (IN)
                         net (fo=0)                   0.000     0.000    i_Switch1
    V17                  IBUF (Prop_ibuf_I_O)         1.453     1.453 f  i_Switch1_IBUF_inst/O
                         net (fo=4, routed)           1.410     2.862    i_Switch1_IBUF
    SLICE_X1Y19          LUT3 (Prop_lut3_I0_O)        0.124     2.986 r  o_LED3_OBUF_inst_i_1/O
                         net (fo=1, routed)           1.674     4.660    o_LED3_OBUF
    U19                  OBUF (Prop_obuf_I_O)         3.501     8.161 r  o_LED3_OBUF_inst/O
                         net (fo=0)                   0.000     8.161    o_LED3
    U19                                                               r  o_LED3 (OUT)
  -------------------------------------------------------------------    -------------------





Min Delay Paths
--------------------------------------------------------------------------------------
Slack:                    inf
  Source:                 i_Switch2
                            (input port)
  Destination:            o_LED3
                            (output port)
  Path Group:             (none)
  Path Type:              Min at Fast Process Corner
  Data Path Delay:        2.273ns  (logic 1.476ns (64.949%)  route 0.797ns (35.051%))
  Logic Levels:           3  (IBUF=1 LUT3=1 OBUF=1)

    Location             Delay type                Incr(ns)  Path(ns)    Netlist Resource(s)
  -------------------------------------------------------------------    -------------------
    V16                                               0.000     0.000 r  i_Switch2 (IN)
                         net (fo=0)                   0.000     0.000    i_Switch2
    V16                  IBUF (Prop_ibuf_I_O)         0.229     0.229 r  i_Switch2_IBUF_inst/O
                         net (fo=4, routed)           0.472     0.701    i_Switch2_IBUF
    SLICE_X1Y19          LUT3 (Prop_lut3_I2_O)        0.045     0.746 r  o_LED3_OBUF_inst_i_1/O
                         net (fo=1, routed)           0.325     1.071    o_LED3_OBUF
    U19                  OBUF (Prop_obuf_I_O)         1.202     2.273 r  o_LED3_OBUF_inst/O
                         net (fo=0)                   0.000     2.273    o_LED3
    U19                                                               r  o_LED3 (OUT)
  -------------------------------------------------------------------    -------------------

Slack:                    inf
  Source:                 i_Switch2
                            (input port)
  Destination:            o_LED4
                            (output port)
  Path Group:             (none)
  Path Type:              Min at Fast Process Corner
  Data Path Delay:        2.370ns  (logic 1.555ns (65.631%)  route 0.815ns (34.369%))
  Logic Levels:           3  (IBUF=1 LUT3=1 OBUF=1)

    Location             Delay type                Incr(ns)  Path(ns)    Netlist Resource(s)
  -------------------------------------------------------------------    -------------------
    V16                                               0.000     0.000 r  i_Switch2 (IN)
                         net (fo=0)                   0.000     0.000    i_Switch2
    V16                  IBUF (Prop_ibuf_I_O)         0.229     0.229 r  i_Switch2_IBUF_inst/O
                         net (fo=4, routed)           0.472     0.701    i_Switch2_IBUF
    SLICE_X1Y19          LUT3 (Prop_lut3_I2_O)        0.049     0.750 r  o_LED4_OBUF_inst_i_1/O
                         net (fo=1, routed)           0.343     1.093    o_LED4_OBUF
    V19                  OBUF (Prop_obuf_I_O)         1.277     2.370 r  o_LED4_OBUF_inst/O
                         net (fo=0)                   0.000     2.370    o_LED4
    V19                                                               r  o_LED4 (OUT)
  -------------------------------------------------------------------    -------------------

Slack:                    inf
  Source:                 i_Switch2
                            (input port)
  Destination:            o_LED1
                            (output port)
  Path Group:             (none)
  Path Type:              Min at Fast Process Corner
  Data Path Delay:        2.549ns  (logic 1.545ns (60.631%)  route 1.003ns (39.369%))
  Logic Levels:           3  (IBUF=1 LUT3=1 OBUF=1)

    Location             Delay type                Incr(ns)  Path(ns)    Netlist Resource(s)
  -------------------------------------------------------------------    -------------------
    V16                                               0.000     0.000 f  i_Switch2 (IN)
                         net (fo=0)                   0.000     0.000    i_Switch2
    V16                  IBUF (Prop_ibuf_I_O)         0.229     0.229 f  i_Switch2_IBUF_inst/O
                         net (fo=4, routed)           0.471     0.700    i_Switch2_IBUF
    SLICE_X1Y19          LUT3 (Prop_lut3_I2_O)        0.048     0.748 r  o_LED1_OBUF_inst_i_1/O
                         net (fo=1, routed)           0.532     1.281    o_LED1_OBUF
    U16                  OBUF (Prop_obuf_I_O)         1.268     2.549 r  o_LED1_OBUF_inst/O
                         net (fo=0)                   0.000     2.549    o_LED1
    U16                                                               r  o_LED1 (OUT)
  -------------------------------------------------------------------    -------------------

Slack:                    inf
  Source:                 i_Switch2
                            (input port)
  Destination:            o_LED2
                            (output port)
  Path Group:             (none)
  Path Type:              Min at Fast Process Corner
  Data Path Delay:        2.693ns  (logic 1.505ns (55.882%)  route 1.188ns (44.118%))
  Logic Levels:           3  (IBUF=1 LUT3=1 OBUF=1)

    Location             Delay type                Incr(ns)  Path(ns)    Netlist Resource(s)
  -------------------------------------------------------------------    -------------------
    V16                                               0.000     0.000 f  i_Switch2 (IN)
                         net (fo=0)                   0.000     0.000    i_Switch2
    V16                  IBUF (Prop_ibuf_I_O)         0.229     0.229 f  i_Switch2_IBUF_inst/O
                         net (fo=4, routed)           0.471     0.700    i_Switch2_IBUF
    SLICE_X1Y19          LUT3 (Prop_lut3_I2_O)        0.045     0.745 r  o_LED2_OBUF_inst_i_1/O
                         net (fo=1, routed)           0.717     1.463    o_LED2_OBUF
    E19                  OBUF (Prop_obuf_I_O)         1.231     2.693 r  o_LED2_OBUF_inst/O
                         net (fo=0)                   0.000     2.693    o_LED2
    E19                                                               r  o_LED2 (OUT)
  -------------------------------------------------------------------    -------------------





--------------------------------------------------------------------------------------
Path Group:  (none)
From Clock:  sys_clk_pin
  To Clock:  

Max Delay             4 Endpoints
Min Delay             4 Endpoints
--------------------------------------------------------------------------------------


Max Delay Paths
--------------------------------------------------------------------------------------
Slack:                    inf
  Source:                 r_Toggling_Signal_reg/C
                            (rising edge-triggered cell FDRE clocked by sys_clk_pin  {rise@0.000ns fall@5.000ns period=10.000ns})
  Destination:            o_LED2
                            (output port)
  Path Group:             (none)
  Path Type:              Max at Slow Process Corner
  Data Path Delay:        7.337ns  (logic 4.110ns (56.011%)  route 3.228ns (43.989%))
  Logic Levels:           2  (LUT3=1 OBUF=1)
  Clock Uncertainty:      0.025ns  ((TSJ^2 + TIJ^2)^1/2 + DJ) / 2 + PE
    Total System Jitter     (TSJ):    0.050ns
    Total Input Jitter      (TIJ):    0.000ns
    Discrete Jitter          (DJ):    0.000ns
    Phase Error              (PE):    0.000ns

    Location             Delay type                Incr(ns)  Path(ns)    Netlist Resource(s)
  -------------------------------------------------------------------    -------------------
                         (clock sys_clk_pin rise edge)
                                                      0.000     0.000 r  
    W5                                                0.000     0.000 r  i_Clk (IN)
                         net (fo=0)                   0.000     0.000    i_Clk
    W5                   IBUF (Prop_ibuf_I_O)         1.458     1.458 r  i_Clk_IBUF_inst/O
                         net (fo=1, routed)           1.967     3.425    i_Clk_IBUF
    BUFGCTRL_X0Y0        BUFG (Prop_bufg_I_O)         0.096     3.521 r  i_Clk_IBUF_BUFG_inst/O
                         net (fo=70, routed)          1.627     5.148    i_Clk_IBUF_BUFG
    SLICE_X1Y18          FDRE                                         r  r_Toggling_Signal_reg/C
  -------------------------------------------------------------------    -------------------
    SLICE_X1Y18          FDRE (Prop_fdre_C_Q)         0.456     5.604 r  r_Toggling_Signal_reg/Q
                         net (fo=5, routed)           0.731     6.336    r_Toggling_Signal
    SLICE_X1Y19          LUT3 (Prop_lut3_I1_O)        0.124     6.460 r  o_LED2_OBUF_inst_i_1/O
                         net (fo=1, routed)           2.496     8.956    o_LED2_OBUF
    E19                  OBUF (Prop_obuf_I_O)         3.530    12.486 r  o_LED2_OBUF_inst/O
                         net (fo=0)                   0.000    12.486    o_LED2
    E19                                                               r  o_LED2 (OUT)
  -------------------------------------------------------------------    -------------------

Slack:                    inf
  Source:                 r_Toggling_Signal_reg/C
                            (rising edge-triggered cell FDRE clocked by sys_clk_pin  {rise@0.000ns fall@5.000ns period=10.000ns})
  Destination:            o_LED1
                            (output port)
  Path Group:             (none)
  Path Type:              Max at Slow Process Corner
  Data Path Delay:        7.173ns  (logic 4.313ns (60.129%)  route 2.860ns (39.871%))
  Logic Levels:           2  (LUT3=1 OBUF=1)
  Clock Uncertainty:      0.025ns  ((TSJ^2 + TIJ^2)^1/2 + DJ) / 2 + PE
    Total System Jitter     (TSJ):    0.050ns
    Total Input Jitter      (TIJ):    0.000ns
    Discrete Jitter          (DJ):    0.000ns
    Phase Error              (PE):    0.000ns

    Location             Delay type                Incr(ns)  Path(ns)    Netlist Resource(s)
  -------------------------------------------------------------------    -------------------
                         (clock sys_clk_pin rise edge)
                                                      0.000     0.000 r  
    W5                                                0.000     0.000 r  i_Clk (IN)
                         net (fo=0)                   0.000     0.000    i_Clk
    W5                   IBUF (Prop_ibuf_I_O)         1.458     1.458 r  i_Clk_IBUF_inst/O
                         net (fo=1, routed)           1.967     3.425    i_Clk_IBUF
    BUFGCTRL_X0Y0        BUFG (Prop_bufg_I_O)         0.096     3.521 r  i_Clk_IBUF_BUFG_inst/O
                         net (fo=70, routed)          1.627     5.148    i_Clk_IBUF_BUFG
    SLICE_X1Y18          FDRE                                         r  r_Toggling_Signal_reg/C
  -------------------------------------------------------------------    -------------------
    SLICE_X1Y18          FDRE (Prop_fdre_C_Q)         0.456     5.604 r  r_Toggling_Signal_reg/Q
                         net (fo=5, routed)           0.731     6.336    r_Toggling_Signal
    SLICE_X1Y19          LUT3 (Prop_lut3_I1_O)        0.150     6.486 r  o_LED1_OBUF_inst_i_1/O
                         net (fo=1, routed)           2.128     8.614    o_LED1_OBUF
    U16                  OBUF (Prop_obuf_I_O)         3.707    12.321 r  o_LED1_OBUF_inst/O
                         net (fo=0)                   0.000    12.321    o_LED1
    U16                                                               r  o_LED1 (OUT)
  -------------------------------------------------------------------    -------------------

Slack:                    inf
  Source:                 r_Toggling_Signal_reg/C
                            (rising edge-triggered cell FDRE clocked by sys_clk_pin  {rise@0.000ns fall@5.000ns period=10.000ns})
  Destination:            o_LED4
                            (output port)
  Path Group:             (none)
  Path Type:              Max at Slow Process Corner
  Data Path Delay:        6.953ns  (logic 4.325ns (62.204%)  route 2.628ns (37.796%))
  Logic Levels:           2  (LUT3=1 OBUF=1)
  Clock Uncertainty:      0.025ns  ((TSJ^2 + TIJ^2)^1/2 + DJ) / 2 + PE
    Total System Jitter     (TSJ):    0.050ns
    Total Input Jitter      (TIJ):    0.000ns
    Discrete Jitter          (DJ):    0.000ns
    Phase Error              (PE):    0.000ns

    Location             Delay type                Incr(ns)  Path(ns)    Netlist Resource(s)
  -------------------------------------------------------------------    -------------------
                         (clock sys_clk_pin rise edge)
                                                      0.000     0.000 r  
    W5                                                0.000     0.000 r  i_Clk (IN)
                         net (fo=0)                   0.000     0.000    i_Clk
    W5                   IBUF (Prop_ibuf_I_O)         1.458     1.458 r  i_Clk_IBUF_inst/O
                         net (fo=1, routed)           1.967     3.425    i_Clk_IBUF
    BUFGCTRL_X0Y0        BUFG (Prop_bufg_I_O)         0.096     3.521 r  i_Clk_IBUF_BUFG_inst/O
                         net (fo=70, routed)          1.627     5.148    i_Clk_IBUF_BUFG
    SLICE_X1Y18          FDRE                                         r  r_Toggling_Signal_reg/C
  -------------------------------------------------------------------    -------------------
    SLICE_X1Y18          FDRE (Prop_fdre_C_Q)         0.456     5.604 r  r_Toggling_Signal_reg/Q
                         net (fo=5, routed)           0.953     6.558    r_Toggling_Signal
    SLICE_X1Y19          LUT3 (Prop_lut3_I1_O)        0.152     6.710 r  o_LED4_OBUF_inst_i_1/O
                         net (fo=1, routed)           1.675     8.384    o_LED4_OBUF
    V19                  OBUF (Prop_obuf_I_O)         3.717    12.101 r  o_LED4_OBUF_inst/O
                         net (fo=0)                   0.000    12.101    o_LED4
    V19                                                               r  o_LED4 (OUT)
  -------------------------------------------------------------------    -------------------

Slack:                    inf
  Source:                 r_Toggling_Signal_reg/C
                            (rising edge-triggered cell FDRE clocked by sys_clk_pin  {rise@0.000ns fall@5.000ns period=10.000ns})
  Destination:            o_LED3
                            (output port)
  Path Group:             (none)
  Path Type:              Max at Slow Process Corner
  Data Path Delay:        6.708ns  (logic 4.081ns (60.835%)  route 2.627ns (39.165%))
  Logic Levels:           2  (LUT3=1 OBUF=1)
  Clock Uncertainty:      0.025ns  ((TSJ^2 + TIJ^2)^1/2 + DJ) / 2 + PE
    Total System Jitter     (TSJ):    0.050ns
    Total Input Jitter      (TIJ):    0.000ns
    Discrete Jitter          (DJ):    0.000ns
    Phase Error              (PE):    0.000ns

    Location             Delay type                Incr(ns)  Path(ns)    Netlist Resource(s)
  -------------------------------------------------------------------    -------------------
                         (clock sys_clk_pin rise edge)
                                                      0.000     0.000 r  
    W5                                                0.000     0.000 r  i_Clk (IN)
                         net (fo=0)                   0.000     0.000    i_Clk
    W5                   IBUF (Prop_ibuf_I_O)         1.458     1.458 r  i_Clk_IBUF_inst/O
                         net (fo=1, routed)           1.967     3.425    i_Clk_IBUF
    BUFGCTRL_X0Y0        BUFG (Prop_bufg_I_O)         0.096     3.521 r  i_Clk_IBUF_BUFG_inst/O
                         net (fo=70, routed)          1.627     5.148    i_Clk_IBUF_BUFG
    SLICE_X1Y18          FDRE                                         r  r_Toggling_Signal_reg/C
  -------------------------------------------------------------------    -------------------
    SLICE_X1Y18          FDRE (Prop_fdre_C_Q)         0.456     5.604 r  r_Toggling_Signal_reg/Q
                         net (fo=5, routed)           0.953     6.558    r_Toggling_Signal
    SLICE_X1Y19          LUT3 (Prop_lut3_I1_O)        0.124     6.682 r  o_LED3_OBUF_inst_i_1/O
                         net (fo=1, routed)           1.674     8.356    o_LED3_OBUF
    U19                  OBUF (Prop_obuf_I_O)         3.501    11.856 r  o_LED3_OBUF_inst/O
                         net (fo=0)                   0.000    11.856    o_LED3
    U19                                                               r  o_LED3 (OUT)
  -------------------------------------------------------------------    -------------------





Min Delay Paths
--------------------------------------------------------------------------------------
Slack:                    inf
  Source:                 r_Toggling_Signal_reg/C
                            (rising edge-triggered cell FDRE clocked by sys_clk_pin  {rise@0.000ns fall@5.000ns period=10.000ns})
  Destination:            o_LED3
                            (output port)
  Path Group:             (none)
  Path Type:              Min at Fast Process Corner
  Data Path Delay:        2.040ns  (logic 1.388ns (68.033%)  route 0.652ns (31.967%))
  Logic Levels:           2  (LUT3=1 OBUF=1)
  Clock Uncertainty:      0.025ns  ((TSJ^2 + TIJ^2)^1/2 + DJ) / 2 + PE
    Total System Jitter     (TSJ):    0.050ns
    Total Input Jitter      (TIJ):    0.000ns
    Discrete Jitter          (DJ):    0.000ns
    Phase Error              (PE):    0.000ns

    Location             Delay type                Incr(ns)  Path(ns)    Netlist Resource(s)
  -------------------------------------------------------------------    -------------------
                         (clock sys_clk_pin rise edge)
                                                      0.000     0.000 r  
    W5                                                0.000     0.000 r  i_Clk (IN)
                         net (fo=0)                   0.000     0.000    i_Clk
    W5                   IBUF (Prop_ibuf_I_O)         0.226     0.226 r  i_Clk_IBUF_inst/O
                         net (fo=1, routed)           0.631     0.858    i_Clk_IBUF
    BUFGCTRL_X0Y0        BUFG (Prop_bufg_I_O)         0.026     0.884 r  i_Clk_IBUF_BUFG_inst/O
                         net (fo=70, routed)          0.588     1.471    i_Clk_IBUF_BUFG
    SLICE_X1Y18          FDRE                                         r  r_Toggling_Signal_reg/C
  -------------------------------------------------------------------    -------------------
    SLICE_X1Y18          FDRE (Prop_fdre_C_Q)         0.141     1.612 r  r_Toggling_Signal_reg/Q
                         net (fo=5, routed)           0.327     1.940    r_Toggling_Signal
    SLICE_X1Y19          LUT3 (Prop_lut3_I1_O)        0.045     1.985 r  o_LED3_OBUF_inst_i_1/O
                         net (fo=1, routed)           0.325     2.309    o_LED3_OBUF
    U19                  OBUF (Prop_obuf_I_O)         1.202     3.512 r  o_LED3_OBUF_inst/O
                         net (fo=0)                   0.000     3.512    o_LED3
    U19                                                               r  o_LED3 (OUT)
  -------------------------------------------------------------------    -------------------

Slack:                    inf
  Source:                 r_Toggling_Signal_reg/C
                            (rising edge-triggered cell FDRE clocked by sys_clk_pin  {rise@0.000ns fall@5.000ns period=10.000ns})
  Destination:            o_LED4
                            (output port)
  Path Group:             (none)
  Path Type:              Min at Fast Process Corner
  Data Path Delay:        2.131ns  (logic 1.461ns (68.562%)  route 0.670ns (31.438%))
  Logic Levels:           2  (LUT3=1 OBUF=1)
  Clock Uncertainty:      0.025ns  ((TSJ^2 + TIJ^2)^1/2 + DJ) / 2 + PE
    Total System Jitter     (TSJ):    0.050ns
    Total Input Jitter      (TIJ):    0.000ns
    Discrete Jitter          (DJ):    0.000ns
    Phase Error              (PE):    0.000ns

    Location             Delay type                Incr(ns)  Path(ns)    Netlist Resource(s)
  -------------------------------------------------------------------    -------------------
                         (clock sys_clk_pin rise edge)
                                                      0.000     0.000 r  
    W5                                                0.000     0.000 r  i_Clk (IN)
                         net (fo=0)                   0.000     0.000    i_Clk
    W5                   IBUF (Prop_ibuf_I_O)         0.226     0.226 r  i_Clk_IBUF_inst/O
                         net (fo=1, routed)           0.631     0.858    i_Clk_IBUF
    BUFGCTRL_X0Y0        BUFG (Prop_bufg_I_O)         0.026     0.884 r  i_Clk_IBUF_BUFG_inst/O
                         net (fo=70, routed)          0.588     1.471    i_Clk_IBUF_BUFG
    SLICE_X1Y18          FDRE                                         r  r_Toggling_Signal_reg/C
  -------------------------------------------------------------------    -------------------
    SLICE_X1Y18          FDRE (Prop_fdre_C_Q)         0.141     1.612 r  r_Toggling_Signal_reg/Q
                         net (fo=5, routed)           0.327     1.940    r_Toggling_Signal
    SLICE_X1Y19          LUT3 (Prop_lut3_I1_O)        0.043     1.983 r  o_LED4_OBUF_inst_i_1/O
                         net (fo=1, routed)           0.343     2.325    o_LED4_OBUF
    V19                  OBUF (Prop_obuf_I_O)         1.277     3.602 r  o_LED4_OBUF_inst/O
                         net (fo=0)                   0.000     3.602    o_LED4
    V19                                                               r  o_LED4 (OUT)
  -------------------------------------------------------------------    -------------------

Slack:                    inf
  Source:                 r_Toggling_Signal_reg/C
                            (rising edge-triggered cell FDRE clocked by sys_clk_pin  {rise@0.000ns fall@5.000ns period=10.000ns})
  Destination:            o_LED1
                            (output port)
  Path Group:             (none)
  Path Type:              Min at Fast Process Corner
  Data Path Delay:        2.231ns  (logic 1.455ns (65.223%)  route 0.776ns (34.777%))
  Logic Levels:           2  (LUT3=1 OBUF=1)
  Clock Uncertainty:      0.025ns  ((TSJ^2 + TIJ^2)^1/2 + DJ) / 2 + PE
    Total System Jitter     (TSJ):    0.050ns
    Total Input Jitter      (TIJ):    0.000ns
    Discrete Jitter          (DJ):    0.000ns
    Phase Error              (PE):    0.000ns

    Location             Delay type                Incr(ns)  Path(ns)    Netlist Resource(s)
  -------------------------------------------------------------------    -------------------
                         (clock sys_clk_pin rise edge)
                                                      0.000     0.000 r  
    W5                                                0.000     0.000 r  i_Clk (IN)
                         net (fo=0)                   0.000     0.000    i_Clk
    W5                   IBUF (Prop_ibuf_I_O)         0.226     0.226 r  i_Clk_IBUF_inst/O
                         net (fo=1, routed)           0.631     0.858    i_Clk_IBUF
    BUFGCTRL_X0Y0        BUFG (Prop_bufg_I_O)         0.026     0.884 r  i_Clk_IBUF_BUFG_inst/O
                         net (fo=70, routed)          0.588     1.471    i_Clk_IBUF_BUFG
    SLICE_X1Y18          FDRE                                         r  r_Toggling_Signal_reg/C
  -------------------------------------------------------------------    -------------------
    SLICE_X1Y18          FDRE (Prop_fdre_C_Q)         0.141     1.612 r  r_Toggling_Signal_reg/Q
                         net (fo=5, routed)           0.243     1.856    r_Toggling_Signal
    SLICE_X1Y19          LUT3 (Prop_lut3_I1_O)        0.046     1.902 r  o_LED1_OBUF_inst_i_1/O
                         net (fo=1, routed)           0.532     2.434    o_LED1_OBUF
    U16                  OBUF (Prop_obuf_I_O)         1.268     3.702 r  o_LED1_OBUF_inst/O
                         net (fo=0)                   0.000     3.702    o_LED1
    U16                                                               r  o_LED1 (OUT)
  -------------------------------------------------------------------    -------------------

Slack:                    inf
  Source:                 r_Toggling_Signal_reg/C
                            (rising edge-triggered cell FDRE clocked by sys_clk_pin  {rise@0.000ns fall@5.000ns period=10.000ns})
  Destination:            o_LED2
                            (output port)
  Path Group:             (none)
  Path Type:              Min at Fast Process Corner
  Data Path Delay:        2.377ns  (logic 1.417ns (59.592%)  route 0.961ns (40.408%))
  Logic Levels:           2  (LUT3=1 OBUF=1)
  Clock Uncertainty:      0.025ns  ((TSJ^2 + TIJ^2)^1/2 + DJ) / 2 + PE
    Total System Jitter     (TSJ):    0.050ns
    Total Input Jitter      (TIJ):    0.000ns
    Discrete Jitter          (DJ):    0.000ns
    Phase Error              (PE):    0.000ns

    Location             Delay type                Incr(ns)  Path(ns)    Netlist Resource(s)
  -------------------------------------------------------------------    -------------------
                         (clock sys_clk_pin rise edge)
                                                      0.000     0.000 r  
    W5                                                0.000     0.000 r  i_Clk (IN)
                         net (fo=0)                   0.000     0.000    i_Clk
    W5                   IBUF (Prop_ibuf_I_O)         0.226     0.226 r  i_Clk_IBUF_inst/O
                         net (fo=1, routed)           0.631     0.858    i_Clk_IBUF
    BUFGCTRL_X0Y0        BUFG (Prop_bufg_I_O)         0.026     0.884 r  i_Clk_IBUF_BUFG_inst/O
                         net (fo=70, routed)          0.588     1.471    i_Clk_IBUF_BUFG
    SLICE_X1Y18          FDRE                                         r  r_Toggling_Signal_reg/C
  -------------------------------------------------------------------    -------------------
    SLICE_X1Y18          FDRE (Prop_fdre_C_Q)         0.141     1.612 r  r_Toggling_Signal_reg/Q
                         net (fo=5, routed)           0.243     1.856    r_Toggling_Signal
    SLICE_X1Y19          LUT3 (Prop_lut3_I1_O)        0.045     1.901 r  o_LED2_OBUF_inst_i_1/O
                         net (fo=1, routed)           0.717     2.618    o_LED2_OBUF
    E19                  OBUF (Prop_obuf_I_O)         1.231     3.848 r  o_LED2_OBUF_inst/O
                         net (fo=0)                   0.000     3.848    o_LED2
    E19                                                               r  o_LED2 (OUT)
  -------------------------------------------------------------------    -------------------





--------------------------------------------------------------------------------------
Path Group:  (none)
From Clock:  
  To Clock:  sys_clk_pin

Max Delay            42 Endpoints
Min Delay            42 Endpoints
--------------------------------------------------------------------------------------


Max Delay Paths
--------------------------------------------------------------------------------------
Slack:                    inf
  Source:                 i_Enable
                            (input port)
  Destination:            Enable_Btn_Inst/r_Count_reg[10]/R
                            (rising edge-triggered cell FDRE clocked by sys_clk_pin  {rise@0.000ns fall@5.000ns period=10.000ns})
  Path Group:             (none)
  Path Type:              Setup (Max at Slow Process Corner)
  Data Path Delay:        3.791ns  (logic 1.578ns (41.614%)  route 2.214ns (58.386%))
  Logic Levels:           2  (IBUF=1 LUT4=1)
  Clock Path Skew:        4.852ns (DCD - SCD + CPR)
    Destination Clock Delay (DCD):    4.852ns
    Source Clock Delay      (SCD):    0.000ns
    Clock Pessimism Removal (CPR):    0.000ns
  Clock Uncertainty:      0.025ns  ((TSJ^2 + TIJ^2)^1/2 + DJ) / 2 + PE
    Total System Jitter     (TSJ):    0.050ns
    Total Input Jitter      (TIJ):    0.000ns
    Discrete Jitter          (DJ):    0.000ns
    Phase Error              (PE):    0.000ns

    Location             Delay type                Incr(ns)  Path(ns)    Netlist Resource(s)
  -------------------------------------------------------------------    -------------------
    T18                                               0.000     0.000 r  i_Enable (IN)
                         net (fo=0)                   0.000     0.000    i_Enable
    T18                  IBUF (Prop_ibuf_I_O)         1.454     1.454 r  i_Enable_IBUF_inst/O
                         net (fo=2, routed)           1.559     3.012    Enable_Btn_Inst/i_Enable_IBUF
    SLICE_X5Y15          LUT4 (Prop_lut4_I3_O)        0.124     3.136 r  Enable_Btn_Inst/r_Count[0]_i_1/O
                         net (fo=20, routed)          0.655     3.791    Enable_Btn_Inst/p_0_in
    SLICE_X4Y15          FDRE                                         r  Enable_Btn_Inst/r_Count_reg[10]/R
  -------------------------------------------------------------------    -------------------

                         (clock sys_clk_pin rise edge)
                                                      0.000     0.000 r  
    W5                                                0.000     0.000 r  i_Clk (IN)
                         net (fo=0)                   0.000     0.000    i_Clk
    W5                   IBUF (Prop_ibuf_I_O)         1.388     1.388 r  i_Clk_IBUF_inst/O
                         net (fo=1, routed)           1.862     3.250    i_Clk_IBUF
    BUFGCTRL_X0Y0        BUFG (Prop_bufg_I_O)         0.091     3.341 r  i_Clk_IBUF_BUFG_inst/O
                         net (fo=70, routed)          1.511     4.852    Enable_Btn_Inst/i_Clk_IBUF_BUFG
    SLICE_X4Y15          FDRE                                         r  Enable_Btn_Inst/r_Count_reg[10]/C

Slack:                    inf
  Source:                 i_Enable
                            (input port)
  Destination:            Enable_Btn_Inst/r_Count_reg[11]/R
                            (rising edge-triggered cell FDRE clocked by sys_clk_pin  {rise@0.000ns fall@5.000ns period=10.000ns})
  Path Group:             (none)
  Path Type:              Setup (Max at Slow Process Corner)
  Data Path Delay:        3.791ns  (logic 1.578ns (41.614%)  route 2.214ns (58.386%))
  Logic Levels:           2  (IBUF=1 LUT4=1)
  Clock Path Skew:        4.852ns (DCD - SCD + CPR)
    Destination Clock Delay (DCD):    4.852ns
    Source Clock Delay      (SCD):    0.000ns
    Clock Pessimism Removal (CPR):    0.000ns
  Clock Uncertainty:      0.025ns  ((TSJ^2 + TIJ^2)^1/2 + DJ) / 2 + PE
    Total System Jitter     (TSJ):    0.050ns
    Total Input Jitter      (TIJ):    0.000ns
    Discrete Jitter          (DJ):    0.000ns
    Phase Error              (PE):    0.000ns

    Location             Delay type                Incr(ns)  Path(ns)    Netlist Resource(s)
  -------------------------------------------------------------------    -------------------
    T18                                               0.000     0.000 r  i_Enable (IN)
                         net (fo=0)                   0.000     0.000    i_Enable
    T18                  IBUF (Prop_ibuf_I_O)         1.454     1.454 r  i_Enable_IBUF_inst/O
                         net (fo=2, routed)           1.559     3.012    Enable_Btn_Inst/i_Enable_IBUF
    SLICE_X5Y15          LUT4 (Prop_lut4_I3_O)        0.124     3.136 r  Enable_Btn_Inst/r_Count[0]_i_1/O
                         net (fo=20, routed)          0.655     3.791    Enable_Btn_Inst/p_0_in
    SLICE_X4Y15          FDRE                                         r  Enable_Btn_Inst/r_Count_reg[11]/R
  -------------------------------------------------------------------    -------------------

                         (clock sys_clk_pin rise edge)
                                                      0.000     0.000 r  
    W5                                                0.000     0.000 r  i_Clk (IN)
                         net (fo=0)                   0.000     0.000    i_Clk
    W5                   IBUF (Prop_ibuf_I_O)         1.388     1.388 r  i_Clk_IBUF_inst/O
                         net (fo=1, routed)           1.862     3.250    i_Clk_IBUF
    BUFGCTRL_X0Y0        BUFG (Prop_bufg_I_O)         0.091     3.341 r  i_Clk_IBUF_BUFG_inst/O
                         net (fo=70, routed)          1.511     4.852    Enable_Btn_Inst/i_Clk_IBUF_BUFG
    SLICE_X4Y15          FDRE                                         r  Enable_Btn_Inst/r_Count_reg[11]/C

Slack:                    inf
  Source:                 i_Enable
                            (input port)
  Destination:            Enable_Btn_Inst/r_Count_reg[8]/R
                            (rising edge-triggered cell FDRE clocked by sys_clk_pin  {rise@0.000ns fall@5.000ns period=10.000ns})
  Path Group:             (none)
  Path Type:              Setup (Max at Slow Process Corner)
  Data Path Delay:        3.791ns  (logic 1.578ns (41.614%)  route 2.214ns (58.386%))
  Logic Levels:           2  (IBUF=1 LUT4=1)
  Clock Path Skew:        4.852ns (DCD - SCD + CPR)
    Destination Clock Delay (DCD):    4.852ns
    Source Clock Delay      (SCD):    0.000ns
    Clock Pessimism Removal (CPR):    0.000ns
  Clock Uncertainty:      0.025ns  ((TSJ^2 + TIJ^2)^1/2 + DJ) / 2 + PE
    Total System Jitter     (TSJ):    0.050ns
    Total Input Jitter      (TIJ):    0.000ns
    Discrete Jitter          (DJ):    0.000ns
    Phase Error              (PE):    0.000ns

    Location             Delay type                Incr(ns)  Path(ns)    Netlist Resource(s)
  -------------------------------------------------------------------    -------------------
    T18                                               0.000     0.000 r  i_Enable (IN)
                         net (fo=0)                   0.000     0.000    i_Enable
    T18                  IBUF (Prop_ibuf_I_O)         1.454     1.454 r  i_Enable_IBUF_inst/O
                         net (fo=2, routed)           1.559     3.012    Enable_Btn_Inst/i_Enable_IBUF
    SLICE_X5Y15          LUT4 (Prop_lut4_I3_O)        0.124     3.136 r  Enable_Btn_Inst/r_Count[0]_i_1/O
                         net (fo=20, routed)          0.655     3.791    Enable_Btn_Inst/p_0_in
    SLICE_X4Y15          FDRE                                         r  Enable_Btn_Inst/r_Count_reg[8]/R
  -------------------------------------------------------------------    -------------------

                         (clock sys_clk_pin rise edge)
                                                      0.000     0.000 r  
    W5                                                0.000     0.000 r  i_Clk (IN)
                         net (fo=0)                   0.000     0.000    i_Clk
    W5                   IBUF (Prop_ibuf_I_O)         1.388     1.388 r  i_Clk_IBUF_inst/O
                         net (fo=1, routed)           1.862     3.250    i_Clk_IBUF
    BUFGCTRL_X0Y0        BUFG (Prop_bufg_I_O)         0.091     3.341 r  i_Clk_IBUF_BUFG_inst/O
                         net (fo=70, routed)          1.511     4.852    Enable_Btn_Inst/i_Clk_IBUF_BUFG
    SLICE_X4Y15          FDRE                                         r  Enable_Btn_Inst/r_Count_reg[8]/C

Slack:                    inf
  Source:                 i_Enable
                            (input port)
  Destination:            Enable_Btn_Inst/r_Count_reg[9]/R
                            (rising edge-triggered cell FDRE clocked by sys_clk_pin  {rise@0.000ns fall@5.000ns period=10.000ns})
  Path Group:             (none)
  Path Type:              Setup (Max at Slow Process Corner)
  Data Path Delay:        3.791ns  (logic 1.578ns (41.614%)  route 2.214ns (58.386%))
  Logic Levels:           2  (IBUF=1 LUT4=1)
  Clock Path Skew:        4.852ns (DCD - SCD + CPR)
    Destination Clock Delay (DCD):    4.852ns
    Source Clock Delay      (SCD):    0.000ns
    Clock Pessimism Removal (CPR):    0.000ns
  Clock Uncertainty:      0.025ns  ((TSJ^2 + TIJ^2)^1/2 + DJ) / 2 + PE
    Total System Jitter     (TSJ):    0.050ns
    Total Input Jitter      (TIJ):    0.000ns
    Discrete Jitter          (DJ):    0.000ns
    Phase Error              (PE):    0.000ns

    Location             Delay type                Incr(ns)  Path(ns)    Netlist Resource(s)
  -------------------------------------------------------------------    -------------------
    T18                                               0.000     0.000 r  i_Enable (IN)
                         net (fo=0)                   0.000     0.000    i_Enable
    T18                  IBUF (Prop_ibuf_I_O)         1.454     1.454 r  i_Enable_IBUF_inst/O
                         net (fo=2, routed)           1.559     3.012    Enable_Btn_Inst/i_Enable_IBUF
    SLICE_X5Y15          LUT4 (Prop_lut4_I3_O)        0.124     3.136 r  Enable_Btn_Inst/r_Count[0]_i_1/O
                         net (fo=20, routed)          0.655     3.791    Enable_Btn_Inst/p_0_in
    SLICE_X4Y15          FDRE                                         r  Enable_Btn_Inst/r_Count_reg[9]/R
  -------------------------------------------------------------------    -------------------

                         (clock sys_clk_pin rise edge)
                                                      0.000     0.000 r  
    W5                                                0.000     0.000 r  i_Clk (IN)
                         net (fo=0)                   0.000     0.000    i_Clk
    W5                   IBUF (Prop_ibuf_I_O)         1.388     1.388 r  i_Clk_IBUF_inst/O
                         net (fo=1, routed)           1.862     3.250    i_Clk_IBUF
    BUFGCTRL_X0Y0        BUFG (Prop_bufg_I_O)         0.091     3.341 r  i_Clk_IBUF_BUFG_inst/O
                         net (fo=70, routed)          1.511     4.852    Enable_Btn_Inst/i_Clk_IBUF_BUFG
    SLICE_X4Y15          FDRE                                         r  Enable_Btn_Inst/r_Count_reg[9]/C

Slack:                    inf
  Source:                 i_Enable
                            (input port)
  Destination:            Enable_Btn_Inst/r_Count_reg[0]/R
                            (rising edge-triggered cell FDRE clocked by sys_clk_pin  {rise@0.000ns fall@5.000ns period=10.000ns})
  Path Group:             (none)
  Path Type:              Setup (Max at Slow Process Corner)
  Data Path Delay:        3.692ns  (logic 1.578ns (42.733%)  route 2.114ns (57.267%))
  Logic Levels:           2  (IBUF=1 LUT4=1)
  Clock Path Skew:        4.853ns (DCD - SCD + CPR)
    Destination Clock Delay (DCD):    4.853ns
    Source Clock Delay      (SCD):    0.000ns
    Clock Pessimism Removal (CPR):    0.000ns
  Clock Uncertainty:      0.025ns  ((TSJ^2 + TIJ^2)^1/2 + DJ) / 2 + PE
    Total System Jitter     (TSJ):    0.050ns
    Total Input Jitter      (TIJ):    0.000ns
    Discrete Jitter          (DJ):    0.000ns
    Phase Error              (PE):    0.000ns

    Location             Delay type                Incr(ns)  Path(ns)    Netlist Resource(s)
  -------------------------------------------------------------------    -------------------
    T18                                               0.000     0.000 r  i_Enable (IN)
                         net (fo=0)                   0.000     0.000    i_Enable
    T18                  IBUF (Prop_ibuf_I_O)         1.454     1.454 r  i_Enable_IBUF_inst/O
                         net (fo=2, routed)           1.559     3.012    Enable_Btn_Inst/i_Enable_IBUF
    SLICE_X5Y15          LUT4 (Prop_lut4_I3_O)        0.124     3.136 r  Enable_Btn_Inst/r_Count[0]_i_1/O
                         net (fo=20, routed)          0.556     3.692    Enable_Btn_Inst/p_0_in
    SLICE_X4Y13          FDRE                                         r  Enable_Btn_Inst/r_Count_reg[0]/R
  -------------------------------------------------------------------    -------------------

                         (clock sys_clk_pin rise edge)
                                                      0.000     0.000 r  
    W5                                                0.000     0.000 r  i_Clk (IN)
                         net (fo=0)                   0.000     0.000    i_Clk
    W5                   IBUF (Prop_ibuf_I_O)         1.388     1.388 r  i_Clk_IBUF_inst/O
                         net (fo=1, routed)           1.862     3.250    i_Clk_IBUF
    BUFGCTRL_X0Y0        BUFG (Prop_bufg_I_O)         0.091     3.341 r  i_Clk_IBUF_BUFG_inst/O
                         net (fo=70, routed)          1.512     4.853    Enable_Btn_Inst/i_Clk_IBUF_BUFG
    SLICE_X4Y13          FDRE                                         r  Enable_Btn_Inst/r_Count_reg[0]/C

Slack:                    inf
  Source:                 i_Enable
                            (input port)
  Destination:            Enable_Btn_Inst/r_Count_reg[1]/R
                            (rising edge-triggered cell FDRE clocked by sys_clk_pin  {rise@0.000ns fall@5.000ns period=10.000ns})
  Path Group:             (none)
  Path Type:              Setup (Max at Slow Process Corner)
  Data Path Delay:        3.692ns  (logic 1.578ns (42.733%)  route 2.114ns (57.267%))
  Logic Levels:           2  (IBUF=1 LUT4=1)
  Clock Path Skew:        4.853ns (DCD - SCD + CPR)
    Destination Clock Delay (DCD):    4.853ns
    Source Clock Delay      (SCD):    0.000ns
    Clock Pessimism Removal (CPR):    0.000ns
  Clock Uncertainty:      0.025ns  ((TSJ^2 + TIJ^2)^1/2 + DJ) / 2 + PE
    Total System Jitter     (TSJ):    0.050ns
    Total Input Jitter      (TIJ):    0.000ns
    Discrete Jitter          (DJ):    0.000ns
    Phase Error              (PE):    0.000ns

    Location             Delay type                Incr(ns)  Path(ns)    Netlist Resource(s)
  -------------------------------------------------------------------    -------------------
    T18                                               0.000     0.000 r  i_Enable (IN)
                         net (fo=0)                   0.000     0.000    i_Enable
    T18                  IBUF (Prop_ibuf_I_O)         1.454     1.454 r  i_Enable_IBUF_inst/O
                         net (fo=2, routed)           1.559     3.012    Enable_Btn_Inst/i_Enable_IBUF
    SLICE_X5Y15          LUT4 (Prop_lut4_I3_O)        0.124     3.136 r  Enable_Btn_Inst/r_Count[0]_i_1/O
                         net (fo=20, routed)          0.556     3.692    Enable_Btn_Inst/p_0_in
    SLICE_X4Y13          FDRE                                         r  Enable_Btn_Inst/r_Count_reg[1]/R
  -------------------------------------------------------------------    -------------------

                         (clock sys_clk_pin rise edge)
                                                      0.000     0.000 r  
    W5                                                0.000     0.000 r  i_Clk (IN)
                         net (fo=0)                   0.000     0.000    i_Clk
    W5                   IBUF (Prop_ibuf_I_O)         1.388     1.388 r  i_Clk_IBUF_inst/O
                         net (fo=1, routed)           1.862     3.250    i_Clk_IBUF
    BUFGCTRL_X0Y0        BUFG (Prop_bufg_I_O)         0.091     3.341 r  i_Clk_IBUF_BUFG_inst/O
                         net (fo=70, routed)          1.512     4.853    Enable_Btn_Inst/i_Clk_IBUF_BUFG
    SLICE_X4Y13          FDRE                                         r  Enable_Btn_Inst/r_Count_reg[1]/C

Slack:                    inf
  Source:                 i_Enable
                            (input port)
  Destination:            Enable_Btn_Inst/r_Count_reg[2]/R
                            (rising edge-triggered cell FDRE clocked by sys_clk_pin  {rise@0.000ns fall@5.000ns period=10.000ns})
  Path Group:             (none)
  Path Type:              Setup (Max at Slow Process Corner)
  Data Path Delay:        3.692ns  (logic 1.578ns (42.733%)  route 2.114ns (57.267%))
  Logic Levels:           2  (IBUF=1 LUT4=1)
  Clock Path Skew:        4.853ns (DCD - SCD + CPR)
    Destination Clock Delay (DCD):    4.853ns
    Source Clock Delay      (SCD):    0.000ns
    Clock Pessimism Removal (CPR):    0.000ns
  Clock Uncertainty:      0.025ns  ((TSJ^2 + TIJ^2)^1/2 + DJ) / 2 + PE
    Total System Jitter     (TSJ):    0.050ns
    Total Input Jitter      (TIJ):    0.000ns
    Discrete Jitter          (DJ):    0.000ns
    Phase Error              (PE):    0.000ns

    Location             Delay type                Incr(ns)  Path(ns)    Netlist Resource(s)
  -------------------------------------------------------------------    -------------------
    T18                                               0.000     0.000 r  i_Enable (IN)
                         net (fo=0)                   0.000     0.000    i_Enable
    T18                  IBUF (Prop_ibuf_I_O)         1.454     1.454 r  i_Enable_IBUF_inst/O
                         net (fo=2, routed)           1.559     3.012    Enable_Btn_Inst/i_Enable_IBUF
    SLICE_X5Y15          LUT4 (Prop_lut4_I3_O)        0.124     3.136 r  Enable_Btn_Inst/r_Count[0]_i_1/O
                         net (fo=20, routed)          0.556     3.692    Enable_Btn_Inst/p_0_in
    SLICE_X4Y13          FDRE                                         r  Enable_Btn_Inst/r_Count_reg[2]/R
  -------------------------------------------------------------------    -------------------

                         (clock sys_clk_pin rise edge)
                                                      0.000     0.000 r  
    W5                                                0.000     0.000 r  i_Clk (IN)
                         net (fo=0)                   0.000     0.000    i_Clk
    W5                   IBUF (Prop_ibuf_I_O)         1.388     1.388 r  i_Clk_IBUF_inst/O
                         net (fo=1, routed)           1.862     3.250    i_Clk_IBUF
    BUFGCTRL_X0Y0        BUFG (Prop_bufg_I_O)         0.091     3.341 r  i_Clk_IBUF_BUFG_inst/O
                         net (fo=70, routed)          1.512     4.853    Enable_Btn_Inst/i_Clk_IBUF_BUFG
    SLICE_X4Y13          FDRE                                         r  Enable_Btn_Inst/r_Count_reg[2]/C

Slack:                    inf
  Source:                 i_Enable
                            (input port)
  Destination:            Enable_Btn_Inst/r_Count_reg[3]/R
                            (rising edge-triggered cell FDRE clocked by sys_clk_pin  {rise@0.000ns fall@5.000ns period=10.000ns})
  Path Group:             (none)
  Path Type:              Setup (Max at Slow Process Corner)
  Data Path Delay:        3.692ns  (logic 1.578ns (42.733%)  route 2.114ns (57.267%))
  Logic Levels:           2  (IBUF=1 LUT4=1)
  Clock Path Skew:        4.853ns (DCD - SCD + CPR)
    Destination Clock Delay (DCD):    4.853ns
    Source Clock Delay      (SCD):    0.000ns
    Clock Pessimism Removal (CPR):    0.000ns
  Clock Uncertainty:      0.025ns  ((TSJ^2 + TIJ^2)^1/2 + DJ) / 2 + PE
    Total System Jitter     (TSJ):    0.050ns
    Total Input Jitter      (TIJ):    0.000ns
    Discrete Jitter          (DJ):    0.000ns
    Phase Error              (PE):    0.000ns

    Location             Delay type                Incr(ns)  Path(ns)    Netlist Resource(s)
  -------------------------------------------------------------------    -------------------
    T18                                               0.000     0.000 r  i_Enable (IN)
                         net (fo=0)                   0.000     0.000    i_Enable
    T18                  IBUF (Prop_ibuf_I_O)         1.454     1.454 r  i_Enable_IBUF_inst/O
                         net (fo=2, routed)           1.559     3.012    Enable_Btn_Inst/i_Enable_IBUF
    SLICE_X5Y15          LUT4 (Prop_lut4_I3_O)        0.124     3.136 r  Enable_Btn_Inst/r_Count[0]_i_1/O
                         net (fo=20, routed)          0.556     3.692    Enable_Btn_Inst/p_0_in
    SLICE_X4Y13          FDRE                                         r  Enable_Btn_Inst/r_Count_reg[3]/R
  -------------------------------------------------------------------    -------------------

                         (clock sys_clk_pin rise edge)
                                                      0.000     0.000 r  
    W5                                                0.000     0.000 r  i_Clk (IN)
                         net (fo=0)                   0.000     0.000    i_Clk
    W5                   IBUF (Prop_ibuf_I_O)         1.388     1.388 r  i_Clk_IBUF_inst/O
                         net (fo=1, routed)           1.862     3.250    i_Clk_IBUF
    BUFGCTRL_X0Y0        BUFG (Prop_bufg_I_O)         0.091     3.341 r  i_Clk_IBUF_BUFG_inst/O
                         net (fo=70, routed)          1.512     4.853    Enable_Btn_Inst/i_Clk_IBUF_BUFG
    SLICE_X4Y13          FDRE                                         r  Enable_Btn_Inst/r_Count_reg[3]/C

Slack:                    inf
  Source:                 i_Enable
                            (input port)
  Destination:            Enable_Btn_Inst/r_Count_reg[4]/R
                            (rising edge-triggered cell FDRE clocked by sys_clk_pin  {rise@0.000ns fall@5.000ns period=10.000ns})
  Path Group:             (none)
  Path Type:              Setup (Max at Slow Process Corner)
  Data Path Delay:        3.653ns  (logic 1.578ns (43.191%)  route 2.075ns (56.809%))
  Logic Levels:           2  (IBUF=1 LUT4=1)
  Clock Path Skew:        4.853ns (DCD - SCD + CPR)
    Destination Clock Delay (DCD):    4.853ns
    Source Clock Delay      (SCD):    0.000ns
    Clock Pessimism Removal (CPR):    0.000ns
  Clock Uncertainty:      0.025ns  ((TSJ^2 + TIJ^2)^1/2 + DJ) / 2 + PE
    Total System Jitter     (TSJ):    0.050ns
    Total Input Jitter      (TIJ):    0.000ns
    Discrete Jitter          (DJ):    0.000ns
    Phase Error              (PE):    0.000ns

    Location             Delay type                Incr(ns)  Path(ns)    Netlist Resource(s)
  -------------------------------------------------------------------    -------------------
    T18                                               0.000     0.000 r  i_Enable (IN)
                         net (fo=0)                   0.000     0.000    i_Enable
    T18                  IBUF (Prop_ibuf_I_O)         1.454     1.454 r  i_Enable_IBUF_inst/O
                         net (fo=2, routed)           1.559     3.012    Enable_Btn_Inst/i_Enable_IBUF
    SLICE_X5Y15          LUT4 (Prop_lut4_I3_O)        0.124     3.136 r  Enable_Btn_Inst/r_Count[0]_i_1/O
                         net (fo=20, routed)          0.517     3.653    Enable_Btn_Inst/p_0_in
    SLICE_X4Y14          FDRE                                         r  Enable_Btn_Inst/r_Count_reg[4]/R
  -------------------------------------------------------------------    -------------------

                         (clock sys_clk_pin rise edge)
                                                      0.000     0.000 r  
    W5                                                0.000     0.000 r  i_Clk (IN)
                         net (fo=0)                   0.000     0.000    i_Clk
    W5                   IBUF (Prop_ibuf_I_O)         1.388     1.388 r  i_Clk_IBUF_inst/O
                         net (fo=1, routed)           1.862     3.250    i_Clk_IBUF
    BUFGCTRL_X0Y0        BUFG (Prop_bufg_I_O)         0.091     3.341 r  i_Clk_IBUF_BUFG_inst/O
                         net (fo=70, routed)          1.512     4.853    Enable_Btn_Inst/i_Clk_IBUF_BUFG
    SLICE_X4Y14          FDRE                                         r  Enable_Btn_Inst/r_Count_reg[4]/C

Slack:                    inf
  Source:                 i_Enable
                            (input port)
  Destination:            Enable_Btn_Inst/r_Count_reg[5]/R
                            (rising edge-triggered cell FDRE clocked by sys_clk_pin  {rise@0.000ns fall@5.000ns period=10.000ns})
  Path Group:             (none)
  Path Type:              Setup (Max at Slow Process Corner)
  Data Path Delay:        3.653ns  (logic 1.578ns (43.191%)  route 2.075ns (56.809%))
  Logic Levels:           2  (IBUF=1 LUT4=1)
  Clock Path Skew:        4.853ns (DCD - SCD + CPR)
    Destination Clock Delay (DCD):    4.853ns
    Source Clock Delay      (SCD):    0.000ns
    Clock Pessimism Removal (CPR):    0.000ns
  Clock Uncertainty:      0.025ns  ((TSJ^2 + TIJ^2)^1/2 + DJ) / 2 + PE
    Total System Jitter     (TSJ):    0.050ns
    Total Input Jitter      (TIJ):    0.000ns
    Discrete Jitter          (DJ):    0.000ns
    Phase Error              (PE):    0.000ns

    Location             Delay type                Incr(ns)  Path(ns)    Netlist Resource(s)
  -------------------------------------------------------------------    -------------------
    T18                                               0.000     0.000 r  i_Enable (IN)
                         net (fo=0)                   0.000     0.000    i_Enable
    T18                  IBUF (Prop_ibuf_I_O)         1.454     1.454 r  i_Enable_IBUF_inst/O
                         net (fo=2, routed)           1.559     3.012    Enable_Btn_Inst/i_Enable_IBUF
    SLICE_X5Y15          LUT4 (Prop_lut4_I3_O)        0.124     3.136 r  Enable_Btn_Inst/r_Count[0]_i_1/O
                         net (fo=20, routed)          0.517     3.653    Enable_Btn_Inst/p_0_in
    SLICE_X4Y14          FDRE                                         r  Enable_Btn_Inst/r_Count_reg[5]/R
  -------------------------------------------------------------------    -------------------

                         (clock sys_clk_pin rise edge)
                                                      0.000     0.000 r  
    W5                                                0.000     0.000 r  i_Clk (IN)
                         net (fo=0)                   0.000     0.000    i_Clk
    W5                   IBUF (Prop_ibuf_I_O)         1.388     1.388 r  i_Clk_IBUF_inst/O
                         net (fo=1, routed)           1.862     3.250    i_Clk_IBUF
    BUFGCTRL_X0Y0        BUFG (Prop_bufg_I_O)         0.091     3.341 r  i_Clk_IBUF_BUFG_inst/O
                         net (fo=70, routed)          1.512     4.853    Enable_Btn_Inst/i_Clk_IBUF_BUFG
    SLICE_X4Y14          FDRE                                         r  Enable_Btn_Inst/r_Count_reg[5]/C





Min Delay Paths
--------------------------------------------------------------------------------------
Slack:                    inf
  Source:                 i_Seed_DV
                            (input port)
  Destination:            Seed_DV_Btn_Inst/r_Btn_reg/D
                            (rising edge-triggered cell FDRE clocked by sys_clk_pin  {rise@0.000ns fall@5.000ns period=10.000ns})
  Path Group:             (none)
  Path Type:              Hold (Min at Fast Process Corner)
  Data Path Delay:        0.516ns  (logic 0.210ns (40.612%)  route 0.306ns (59.388%))
  Logic Levels:           1  (IBUF=1)
  Clock Path Skew:        1.988ns (DCD - SCD - CPR)
    Destination Clock Delay (DCD):    1.988ns
    Source Clock Delay      (SCD):    0.000ns
    Clock Pessimism Removal (CPR):    -0.000ns

    Location             Delay type                Incr(ns)  Path(ns)    Netlist Resource(s)
  -------------------------------------------------------------------    -------------------
    U18                                               0.000     0.000 r  i_Seed_DV (IN)
                         net (fo=0)                   0.000     0.000    i_Seed_DV
    U18                  IBUF (Prop_ibuf_I_O)         0.210     0.210 r  i_Seed_DV_IBUF_inst/O
                         net (fo=2, routed)           0.306     0.516    Seed_DV_Btn_Inst/i_Seed_DV_IBUF
    SLICE_X1Y13          FDRE                                         r  Seed_DV_Btn_Inst/r_Btn_reg/D
  -------------------------------------------------------------------    -------------------

                         (clock sys_clk_pin rise edge)
                                                      0.000     0.000 r  
    W5                                                0.000     0.000 r  i_Clk (IN)
                         net (fo=0)                   0.000     0.000    i_Clk
    W5                   IBUF (Prop_ibuf_I_O)         0.414     0.414 r  i_Clk_IBUF_inst/O
                         net (fo=1, routed)           0.685     1.099    i_Clk_IBUF
    BUFGCTRL_X0Y0        BUFG (Prop_bufg_I_O)         0.029     1.128 r  i_Clk_IBUF_BUFG_inst/O
                         net (fo=70, routed)          0.861     1.988    Seed_DV_Btn_Inst/i_Clk_IBUF_BUFG
    SLICE_X1Y13          FDRE                                         r  Seed_DV_Btn_Inst/r_Btn_reg/C

Slack:                    inf
  Source:                 i_Enable
                            (input port)
  Destination:            Enable_Btn_Inst/r_Btn_reg/D
                            (rising edge-triggered cell FDRE clocked by sys_clk_pin  {rise@0.000ns fall@5.000ns period=10.000ns})
  Path Group:             (none)
  Path Type:              Hold (Min at Fast Process Corner)
  Data Path Delay:        0.576ns  (logic 0.222ns (38.511%)  route 0.354ns (61.489%))
  Logic Levels:           1  (IBUF=1)
  Clock Path Skew:        1.985ns (DCD - SCD - CPR)
    Destination Clock Delay (DCD):    1.985ns
    Source Clock Delay      (SCD):    0.000ns
    Clock Pessimism Removal (CPR):    -0.000ns

    Location             Delay type                Incr(ns)  Path(ns)    Netlist Resource(s)
  -------------------------------------------------------------------    -------------------
    T18                                               0.000     0.000 r  i_Enable (IN)
                         net (fo=0)                   0.000     0.000    i_Enable
    T18                  IBUF (Prop_ibuf_I_O)         0.222     0.222 r  i_Enable_IBUF_inst/O
                         net (fo=2, routed)           0.354     0.576    Enable_Btn_Inst/i_Enable_IBUF
    SLICE_X5Y15          FDRE                                         r  Enable_Btn_Inst/r_Btn_reg/D
  -------------------------------------------------------------------    -------------------

                         (clock sys_clk_pin rise edge)
                                                      0.000     0.000 r  
    W5                                                0.000     0.000 r  i_Clk (IN)
                         net (fo=0)                   0.000     0.000    i_Clk
    W5                   IBUF (Prop_ibuf_I_O)         0.414     0.414 r  i_Clk_IBUF_inst/O
                         net (fo=1, routed)           0.685     1.099    i_Clk_IBUF
    BUFGCTRL_X0Y0        BUFG (Prop_bufg_I_O)         0.029     1.128 r  i_Clk_IBUF_BUFG_inst/O
                         net (fo=70, routed)          0.858     1.985    Enable_Btn_Inst/i_Clk_IBUF_BUFG
    SLICE_X5Y15          FDRE                                         r  Enable_Btn_Inst/r_Btn_reg/C

Slack:                    inf
  Source:                 i_Seed_DV
                            (input port)
  Destination:            Seed_DV_Btn_Inst/r_Count_reg[0]/R
                            (rising edge-triggered cell FDRE clocked by sys_clk_pin  {rise@0.000ns fall@5.000ns period=10.000ns})
  Path Group:             (none)
  Path Type:              Hold (Min at Fast Process Corner)
  Data Path Delay:        0.875ns  (logic 0.255ns (29.076%)  route 0.621ns (70.924%))
  Logic Levels:           2  (IBUF=1 LUT4=1)
  Clock Path Skew:        1.988ns (DCD - SCD - CPR)
    Destination Clock Delay (DCD):    1.988ns
    Source Clock Delay      (SCD):    0.000ns
    Clock Pessimism Removal (CPR):    -0.000ns

    Location             Delay type                Incr(ns)  Path(ns)    Netlist Resource(s)
  -------------------------------------------------------------------    -------------------
    U18                                               0.000     0.000 r  i_Seed_DV (IN)
                         net (fo=0)                   0.000     0.000    i_Seed_DV
    U18                  IBUF (Prop_ibuf_I_O)         0.210     0.210 r  i_Seed_DV_IBUF_inst/O
                         net (fo=2, routed)           0.473     0.683    Seed_DV_Btn_Inst/i_Seed_DV_IBUF
    SLICE_X1Y13          LUT4 (Prop_lut4_I3_O)        0.045     0.728 r  Seed_DV_Btn_Inst/r_Count[0]_i_1__0/O
                         net (fo=20, routed)          0.147     0.875    Seed_DV_Btn_Inst/p_0_in
    SLICE_X0Y13          FDRE                                         r  Seed_DV_Btn_Inst/r_Count_reg[0]/R
  -------------------------------------------------------------------    -------------------

                         (clock sys_clk_pin rise edge)
                                                      0.000     0.000 r  
    W5                                                0.000     0.000 r  i_Clk (IN)
                         net (fo=0)                   0.000     0.000    i_Clk
    W5                   IBUF (Prop_ibuf_I_O)         0.414     0.414 r  i_Clk_IBUF_inst/O
                         net (fo=1, routed)           0.685     1.099    i_Clk_IBUF
    BUFGCTRL_X0Y0        BUFG (Prop_bufg_I_O)         0.029     1.128 r  i_Clk_IBUF_BUFG_inst/O
                         net (fo=70, routed)          0.861     1.988    Seed_DV_Btn_Inst/i_Clk_IBUF_BUFG
    SLICE_X0Y13          FDRE                                         r  Seed_DV_Btn_Inst/r_Count_reg[0]/C

Slack:                    inf
  Source:                 i_Seed_DV
                            (input port)
  Destination:            Seed_DV_Btn_Inst/r_Count_reg[1]/R
                            (rising edge-triggered cell FDRE clocked by sys_clk_pin  {rise@0.000ns fall@5.000ns period=10.000ns})
  Path Group:             (none)
  Path Type:              Hold (Min at Fast Process Corner)
  Data Path Delay:        0.875ns  (logic 0.255ns (29.076%)  route 0.621ns (70.924%))
  Logic Levels:           2  (IBUF=1 LUT4=1)
  Clock Path Skew:        1.988ns (DCD - SCD - CPR)
    Destination Clock Delay (DCD):    1.988ns
    Source Clock Delay      (SCD):    0.000ns
    Clock Pessimism Removal (CPR):    -0.000ns

    Location             Delay type                Incr(ns)  Path(ns)    Netlist Resource(s)
  -------------------------------------------------------------------    -------------------
    U18                                               0.000     0.000 r  i_Seed_DV (IN)
                         net (fo=0)                   0.000     0.000    i_Seed_DV
    U18                  IBUF (Prop_ibuf_I_O)         0.210     0.210 r  i_Seed_DV_IBUF_inst/O
                         net (fo=2, routed)           0.473     0.683    Seed_DV_Btn_Inst/i_Seed_DV_IBUF
    SLICE_X1Y13          LUT4 (Prop_lut4_I3_O)        0.045     0.728 r  Seed_DV_Btn_Inst/r_Count[0]_i_1__0/O
                         net (fo=20, routed)          0.147     0.875    Seed_DV_Btn_Inst/p_0_in
    SLICE_X0Y13          FDRE                                         r  Seed_DV_Btn_Inst/r_Count_reg[1]/R
  -------------------------------------------------------------------    -------------------

                         (clock sys_clk_pin rise edge)
                                                      0.000     0.000 r  
    W5                                                0.000     0.000 r  i_Clk (IN)
                         net (fo=0)                   0.000     0.000    i_Clk
    W5                   IBUF (Prop_ibuf_I_O)         0.414     0.414 r  i_Clk_IBUF_inst/O
                         net (fo=1, routed)           0.685     1.099    i_Clk_IBUF
    BUFGCTRL_X0Y0        BUFG (Prop_bufg_I_O)         0.029     1.128 r  i_Clk_IBUF_BUFG_inst/O
                         net (fo=70, routed)          0.861     1.988    Seed_DV_Btn_Inst/i_Clk_IBUF_BUFG
    SLICE_X0Y13          FDRE                                         r  Seed_DV_Btn_Inst/r_Count_reg[1]/C

Slack:                    inf
  Source:                 i_Seed_DV
                            (input port)
  Destination:            Seed_DV_Btn_Inst/r_Count_reg[2]/R
                            (rising edge-triggered cell FDRE clocked by sys_clk_pin  {rise@0.000ns fall@5.000ns period=10.000ns})
  Path Group:             (none)
  Path Type:              Hold (Min at Fast Process Corner)
  Data Path Delay:        0.875ns  (logic 0.255ns (29.076%)  route 0.621ns (70.924%))
  Logic Levels:           2  (IBUF=1 LUT4=1)
  Clock Path Skew:        1.988ns (DCD - SCD - CPR)
    Destination Clock Delay (DCD):    1.988ns
    Source Clock Delay      (SCD):    0.000ns
    Clock Pessimism Removal (CPR):    -0.000ns

    Location             Delay type                Incr(ns)  Path(ns)    Netlist Resource(s)
  -------------------------------------------------------------------    -------------------
    U18                                               0.000     0.000 r  i_Seed_DV (IN)
                         net (fo=0)                   0.000     0.000    i_Seed_DV
    U18                  IBUF (Prop_ibuf_I_O)         0.210     0.210 r  i_Seed_DV_IBUF_inst/O
                         net (fo=2, routed)           0.473     0.683    Seed_DV_Btn_Inst/i_Seed_DV_IBUF
    SLICE_X1Y13          LUT4 (Prop_lut4_I3_O)        0.045     0.728 r  Seed_DV_Btn_Inst/r_Count[0]_i_1__0/O
                         net (fo=20, routed)          0.147     0.875    Seed_DV_Btn_Inst/p_0_in
    SLICE_X0Y13          FDRE                                         r  Seed_DV_Btn_Inst/r_Count_reg[2]/R
  -------------------------------------------------------------------    -------------------

                         (clock sys_clk_pin rise edge)
                                                      0.000     0.000 r  
    W5                                                0.000     0.000 r  i_Clk (IN)
                         net (fo=0)                   0.000     0.000    i_Clk
    W5                   IBUF (Prop_ibuf_I_O)         0.414     0.414 r  i_Clk_IBUF_inst/O
                         net (fo=1, routed)           0.685     1.099    i_Clk_IBUF
    BUFGCTRL_X0Y0        BUFG (Prop_bufg_I_O)         0.029     1.128 r  i_Clk_IBUF_BUFG_inst/O
                         net (fo=70, routed)          0.861     1.988    Seed_DV_Btn_Inst/i_Clk_IBUF_BUFG
    SLICE_X0Y13          FDRE                                         r  Seed_DV_Btn_Inst/r_Count_reg[2]/C

Slack:                    inf
  Source:                 i_Seed_DV
                            (input port)
  Destination:            Seed_DV_Btn_Inst/r_Count_reg[3]/R
                            (rising edge-triggered cell FDRE clocked by sys_clk_pin  {rise@0.000ns fall@5.000ns period=10.000ns})
  Path Group:             (none)
  Path Type:              Hold (Min at Fast Process Corner)
  Data Path Delay:        0.875ns  (logic 0.255ns (29.076%)  route 0.621ns (70.924%))
  Logic Levels:           2  (IBUF=1 LUT4=1)
  Clock Path Skew:        1.988ns (DCD - SCD - CPR)
    Destination Clock Delay (DCD):    1.988ns
    Source Clock Delay      (SCD):    0.000ns
    Clock Pessimism Removal (CPR):    -0.000ns

    Location             Delay type                Incr(ns)  Path(ns)    Netlist Resource(s)
  -------------------------------------------------------------------    -------------------
    U18                                               0.000     0.000 r  i_Seed_DV (IN)
                         net (fo=0)                   0.000     0.000    i_Seed_DV
    U18                  IBUF (Prop_ibuf_I_O)         0.210     0.210 r  i_Seed_DV_IBUF_inst/O
                         net (fo=2, routed)           0.473     0.683    Seed_DV_Btn_Inst/i_Seed_DV_IBUF
    SLICE_X1Y13          LUT4 (Prop_lut4_I3_O)        0.045     0.728 r  Seed_DV_Btn_Inst/r_Count[0]_i_1__0/O
                         net (fo=20, routed)          0.147     0.875    Seed_DV_Btn_Inst/p_0_in
    SLICE_X0Y13          FDRE                                         r  Seed_DV_Btn_Inst/r_Count_reg[3]/R
  -------------------------------------------------------------------    -------------------

                         (clock sys_clk_pin rise edge)
                                                      0.000     0.000 r  
    W5                                                0.000     0.000 r  i_Clk (IN)
                         net (fo=0)                   0.000     0.000    i_Clk
    W5                   IBUF (Prop_ibuf_I_O)         0.414     0.414 r  i_Clk_IBUF_inst/O
                         net (fo=1, routed)           0.685     1.099    i_Clk_IBUF
    BUFGCTRL_X0Y0        BUFG (Prop_bufg_I_O)         0.029     1.128 r  i_Clk_IBUF_BUFG_inst/O
                         net (fo=70, routed)          0.861     1.988    Seed_DV_Btn_Inst/i_Clk_IBUF_BUFG
    SLICE_X0Y13          FDRE                                         r  Seed_DV_Btn_Inst/r_Count_reg[3]/C

Slack:                    inf
  Source:                 i_Seed_DV
                            (input port)
  Destination:            Seed_DV_Btn_Inst/r_Count_reg[4]/R
                            (rising edge-triggered cell FDRE clocked by sys_clk_pin  {rise@0.000ns fall@5.000ns period=10.000ns})
  Path Group:             (none)
  Path Type:              Hold (Min at Fast Process Corner)
  Data Path Delay:        0.930ns  (logic 0.255ns (27.361%)  route 0.676ns (72.639%))
  Logic Levels:           2  (IBUF=1 LUT4=1)
  Clock Path Skew:        1.988ns (DCD - SCD - CPR)
    Destination Clock Delay (DCD):    1.988ns
    Source Clock Delay      (SCD):    0.000ns
    Clock Pessimism Removal (CPR):    -0.000ns

    Location             Delay type                Incr(ns)  Path(ns)    Netlist Resource(s)
  -------------------------------------------------------------------    -------------------
    U18                                               0.000     0.000 r  i_Seed_DV (IN)
                         net (fo=0)                   0.000     0.000    i_Seed_DV
    U18                  IBUF (Prop_ibuf_I_O)         0.210     0.210 r  i_Seed_DV_IBUF_inst/O
                         net (fo=2, routed)           0.473     0.683    Seed_DV_Btn_Inst/i_Seed_DV_IBUF
    SLICE_X1Y13          LUT4 (Prop_lut4_I3_O)        0.045     0.728 r  Seed_DV_Btn_Inst/r_Count[0]_i_1__0/O
                         net (fo=20, routed)          0.202     0.930    Seed_DV_Btn_Inst/p_0_in
    SLICE_X0Y14          FDRE                                         r  Seed_DV_Btn_Inst/r_Count_reg[4]/R
  -------------------------------------------------------------------    -------------------

                         (clock sys_clk_pin rise edge)
                                                      0.000     0.000 r  
    W5                                                0.000     0.000 r  i_Clk (IN)
                         net (fo=0)                   0.000     0.000    i_Clk
    W5                   IBUF (Prop_ibuf_I_O)         0.414     0.414 r  i_Clk_IBUF_inst/O
                         net (fo=1, routed)           0.685     1.099    i_Clk_IBUF
    BUFGCTRL_X0Y0        BUFG (Prop_bufg_I_O)         0.029     1.128 r  i_Clk_IBUF_BUFG_inst/O
                         net (fo=70, routed)          0.861     1.988    Seed_DV_Btn_Inst/i_Clk_IBUF_BUFG
    SLICE_X0Y14          FDRE                                         r  Seed_DV_Btn_Inst/r_Count_reg[4]/C

Slack:                    inf
  Source:                 i_Seed_DV
                            (input port)
  Destination:            Seed_DV_Btn_Inst/r_Count_reg[5]/R
                            (rising edge-triggered cell FDRE clocked by sys_clk_pin  {rise@0.000ns fall@5.000ns period=10.000ns})
  Path Group:             (none)
  Path Type:              Hold (Min at Fast Process Corner)
  Data Path Delay:        0.930ns  (logic 0.255ns (27.361%)  route 0.676ns (72.639%))
  Logic Levels:           2  (IBUF=1 LUT4=1)
  Clock Path Skew:        1.988ns (DCD - SCD - CPR)
    Destination Clock Delay (DCD):    1.988ns
    Source Clock Delay      (SCD):    0.000ns
    Clock Pessimism Removal (CPR):    -0.000ns

    Location             Delay type                Incr(ns)  Path(ns)    Netlist Resource(s)
  -------------------------------------------------------------------    -------------------
    U18                                               0.000     0.000 r  i_Seed_DV (IN)
                         net (fo=0)                   0.000     0.000    i_Seed_DV
    U18                  IBUF (Prop_ibuf_I_O)         0.210     0.210 r  i_Seed_DV_IBUF_inst/O
                         net (fo=2, routed)           0.473     0.683    Seed_DV_Btn_Inst/i_Seed_DV_IBUF
    SLICE_X1Y13          LUT4 (Prop_lut4_I3_O)        0.045     0.728 r  Seed_DV_Btn_Inst/r_Count[0]_i_1__0/O
                         net (fo=20, routed)          0.202     0.930    Seed_DV_Btn_Inst/p_0_in
    SLICE_X0Y14          FDRE                                         r  Seed_DV_Btn_Inst/r_Count_reg[5]/R
  -------------------------------------------------------------------    -------------------

                         (clock sys_clk_pin rise edge)
                                                      0.000     0.000 r  
    W5                                                0.000     0.000 r  i_Clk (IN)
                         net (fo=0)                   0.000     0.000    i_Clk
    W5                   IBUF (Prop_ibuf_I_O)         0.414     0.414 r  i_Clk_IBUF_inst/O
                         net (fo=1, routed)           0.685     1.099    i_Clk_IBUF
    BUFGCTRL_X0Y0        BUFG (Prop_bufg_I_O)         0.029     1.128 r  i_Clk_IBUF_BUFG_inst/O
                         net (fo=70, routed)          0.861     1.988    Seed_DV_Btn_Inst/i_Clk_IBUF_BUFG
    SLICE_X0Y14          FDRE                                         r  Seed_DV_Btn_Inst/r_Count_reg[5]/C

Slack:                    inf
  Source:                 i_Seed_DV
                            (input port)
  Destination:            Seed_DV_Btn_Inst/r_Count_reg[6]/R
                            (rising edge-triggered cell FDRE clocked by sys_clk_pin  {rise@0.000ns fall@5.000ns period=10.000ns})
  Path Group:             (none)
  Path Type:              Hold (Min at Fast Process Corner)
  Data Path Delay:        0.930ns  (logic 0.255ns (27.361%)  route 0.676ns (72.639%))
  Logic Levels:           2  (IBUF=1 LUT4=1)
  Clock Path Skew:        1.988ns (DCD - SCD - CPR)
    Destination Clock Delay (DCD):    1.988ns
    Source Clock Delay      (SCD):    0.000ns
    Clock Pessimism Removal (CPR):    -0.000ns

    Location             Delay type                Incr(ns)  Path(ns)    Netlist Resource(s)
  -------------------------------------------------------------------    -------------------
    U18                                               0.000     0.000 r  i_Seed_DV (IN)
                         net (fo=0)                   0.000     0.000    i_Seed_DV
    U18                  IBUF (Prop_ibuf_I_O)         0.210     0.210 r  i_Seed_DV_IBUF_inst/O
                         net (fo=2, routed)           0.473     0.683    Seed_DV_Btn_Inst/i_Seed_DV_IBUF
    SLICE_X1Y13          LUT4 (Prop_lut4_I3_O)        0.045     0.728 r  Seed_DV_Btn_Inst/r_Count[0]_i_1__0/O
                         net (fo=20, routed)          0.202     0.930    Seed_DV_Btn_Inst/p_0_in
    SLICE_X0Y14          FDRE                                         r  Seed_DV_Btn_Inst/r_Count_reg[6]/R
  -------------------------------------------------------------------    -------------------

                         (clock sys_clk_pin rise edge)
                                                      0.000     0.000 r  
    W5                                                0.000     0.000 r  i_Clk (IN)
                         net (fo=0)                   0.000     0.000    i_Clk
    W5                   IBUF (Prop_ibuf_I_O)         0.414     0.414 r  i_Clk_IBUF_inst/O
                         net (fo=1, routed)           0.685     1.099    i_Clk_IBUF
    BUFGCTRL_X0Y0        BUFG (Prop_bufg_I_O)         0.029     1.128 r  i_Clk_IBUF_BUFG_inst/O
                         net (fo=70, routed)          0.861     1.988    Seed_DV_Btn_Inst/i_Clk_IBUF_BUFG
    SLICE_X0Y14          FDRE                                         r  Seed_DV_Btn_Inst/r_Count_reg[6]/C

Slack:                    inf
  Source:                 i_Seed_DV
                            (input port)
  Destination:            Seed_DV_Btn_Inst/r_Count_reg[7]/R
                            (rising edge-triggered cell FDRE clocked by sys_clk_pin  {rise@0.000ns fall@5.000ns period=10.000ns})
  Path Group:             (none)
  Path Type:              Hold (Min at Fast Process Corner)
  Data Path Delay:        0.930ns  (logic 0.255ns (27.361%)  route 0.676ns (72.639%))
  Logic Levels:           2  (IBUF=1 LUT4=1)
  Clock Path Skew:        1.988ns (DCD - SCD - CPR)
    Destination Clock Delay (DCD):    1.988ns
    Source Clock Delay      (SCD):    0.000ns
    Clock Pessimism Removal (CPR):    -0.000ns

    Location             Delay type                Incr(ns)  Path(ns)    Netlist Resource(s)
  -------------------------------------------------------------------    -------------------
    U18                                               0.000     0.000 r  i_Seed_DV (IN)
                         net (fo=0)                   0.000     0.000    i_Seed_DV
    U18                  IBUF (Prop_ibuf_I_O)         0.210     0.210 r  i_Seed_DV_IBUF_inst/O
                         net (fo=2, routed)           0.473     0.683    Seed_DV_Btn_Inst/i_Seed_DV_IBUF
    SLICE_X1Y13          LUT4 (Prop_lut4_I3_O)        0.045     0.728 r  Seed_DV_Btn_Inst/r_Count[0]_i_1__0/O
                         net (fo=20, routed)          0.202     0.930    Seed_DV_Btn_Inst/p_0_in
    SLICE_X0Y14          FDRE                                         r  Seed_DV_Btn_Inst/r_Count_reg[7]/R
  -------------------------------------------------------------------    -------------------

                         (clock sys_clk_pin rise edge)
                                                      0.000     0.000 r  
    W5                                                0.000     0.000 r  i_Clk (IN)
                         net (fo=0)                   0.000     0.000    i_Clk
    W5                   IBUF (Prop_ibuf_I_O)         0.414     0.414 r  i_Clk_IBUF_inst/O
                         net (fo=1, routed)           0.685     1.099    i_Clk_IBUF
    BUFGCTRL_X0Y0        BUFG (Prop_bufg_I_O)         0.029     1.128 r  i_Clk_IBUF_BUFG_inst/O
                         net (fo=70, routed)          0.861     1.988    Seed_DV_Btn_Inst/i_Clk_IBUF_BUFG
    SLICE_X0Y14          FDRE                                         r  Seed_DV_Btn_Inst/r_Count_reg[7]/C





