Copyright 1986-2022 Xilinx, Inc. All Rights Reserved. Copyright 2022-2024 Advanced Micro Devices, Inc. All Rights Reserved.
---------------------------------------------------------------------------------------------------------------------------------------------------------------------------------------------------------------------------------------------------------------
| Tool Version : Vivado v.2024.2 (win64) Build 5239630 Fri Nov 08 22:35:27 MST 2024
| Date         : Mon Dec 22 10:03:15 2025
| Host         : LAPTOP-ATBSBNLO running 64-bit major release  (build 9200)
| Command      : report_timing_summary -max_paths 10 -report_unconstrained -file State_Machine_Game_Top_timing_summary_routed.rpt -pb State_Machine_Game_Top_timing_summary_routed.pb -rpx State_Machine_Game_Top_timing_summary_routed.rpx -warn_on_violation
| Design       : State_Machine_Game_Top
| Device       : 7a35t-cpg236
| Speed File   : -1  PRODUCTION 1.23 2018-06-13
| Design State : Routed
---------------------------------------------------------------------------------------------------------------------------------------------------------------------------------------------------------------------------------------------------------------

Timing Summary Report

------------------------------------------------------------------------------------------------
| Timer Settings
| --------------
------------------------------------------------------------------------------------------------

  Enable Multi Corner Analysis               :  Yes
  Enable Pessimism Removal                   :  Yes
  Pessimism Removal Resolution               :  Nearest Common Node
  Enable Input Delay Default Clock           :  No
  Enable Preset / Clear Arcs                 :  No
  Disable Flight Delays                      :  No
  Ignore I/O Paths                           :  No
  Timing Early Launch at Borrowing Latches   :  No
  Borrow Time for Max Delay Exceptions       :  Yes
  Merge Timing Exceptions                    :  Yes
  Inter-SLR Compensation                     :  Conservative

  Corner  Analyze    Analyze    
  Name    Max Paths  Min Paths  
  ------  ---------  ---------  
  Slow    Yes        Yes        
  Fast    Yes        Yes        


------------------------------------------------------------------------------------------------
| Report Methodology
| ------------------
------------------------------------------------------------------------------------------------

Rule       Severity  Description                    Violations  
---------  --------  -----------------------------  ----------  
TIMING-18  Warning   Missing input or output delay  16          

Note: This report is based on the most recent report_methodology run and may not be up-to-date. Run report_methodology on the current design for the latest report.



check_timing report

Table of Contents
-----------------
1. checking no_clock (0)
2. checking constant_clock (0)
3. checking pulse_width_clock (0)
4. checking unconstrained_internal_endpoints (0)
5. checking no_input_delay (5)
6. checking no_output_delay (11)
7. checking multiple_clock (0)
8. checking generated_clocks (0)
9. checking loops (0)
10. checking partial_input_delay (0)
11. checking partial_output_delay (0)
12. checking latch_loops (0)

1. checking no_clock (0)
------------------------
 There are 0 register/latch pins with no clock.


2. checking constant_clock (0)
------------------------------
 There are 0 register/latch pins with constant_clock.


3. checking pulse_width_clock (0)
---------------------------------
 There are 0 register/latch pins which need pulse_width check


4. checking unconstrained_internal_endpoints (0)
------------------------------------------------
 There are 0 pins that are not constrained for maximum delay.

 There are 0 pins that are not constrained for maximum delay due to constant clock.


5. checking no_input_delay (5)
------------------------------
 There are 5 input ports with no input delay specified. (HIGH)

 There are 0 input ports with no input delay but user has a false path constraint.


6. checking no_output_delay (11)
--------------------------------
 There are 11 ports with no output delay specified. (HIGH)

 There are 0 ports with no output delay but user has a false path constraint

 There are 0 ports with no output delay but with a timing clock defined on it or propagating through it


7. checking multiple_clock (0)
------------------------------
 There are 0 register/latch pins with multiple clocks.


8. checking generated_clocks (0)
--------------------------------
 There are 0 generated clocks that are not connected to a clock source.


9. checking loops (0)
---------------------
 There are 0 combinational loops in the design.


10. checking partial_input_delay (0)
------------------------------------
 There are 0 input ports with partial input delay specified.


11. checking partial_output_delay (0)
-------------------------------------
 There are 0 ports with partial output delay specified.


12. checking latch_loops (0)
----------------------------
 There are 0 combinational latch loops in the design through latch input



------------------------------------------------------------------------------------------------
| Design Timing Summary
| ---------------------
------------------------------------------------------------------------------------------------

    WNS(ns)      TNS(ns)  TNS Failing Endpoints  TNS Total Endpoints      WHS(ns)      THS(ns)  THS Failing Endpoints  THS Total Endpoints     WPWS(ns)     TPWS(ns)  TPWS Failing Endpoints  TPWS Total Endpoints  
    -------      -------  ---------------------  -------------------      -------      -------  ---------------------  -------------------     --------     --------  ----------------------  --------------------  
      4.175        0.000                      0                  363        0.118        0.000                      0                  363        4.500        0.000                       0                   204  


All user specified timing constraints are met.


------------------------------------------------------------------------------------------------
| Clock Summary
| -------------
------------------------------------------------------------------------------------------------

Clock        Waveform(ns)       Period(ns)      Frequency(MHz)
-----        ------------       ----------      --------------
sys_clk_pin  {0.000 5.000}      10.000          100.000         


------------------------------------------------------------------------------------------------
| Intra Clock Table
| -----------------
------------------------------------------------------------------------------------------------

Clock             WNS(ns)      TNS(ns)  TNS Failing Endpoints  TNS Total Endpoints      WHS(ns)      THS(ns)  THS Failing Endpoints  THS Total Endpoints     WPWS(ns)     TPWS(ns)  TPWS Failing Endpoints  TPWS Total Endpoints  
-----             -------      -------  ---------------------  -------------------      -------      -------  ---------------------  -------------------     --------     --------  ----------------------  --------------------  
sys_clk_pin         4.175        0.000                      0                  360        0.118        0.000                      0                  360        4.500        0.000                       0                   204  


------------------------------------------------------------------------------------------------
| Inter Clock Table
| -----------------
------------------------------------------------------------------------------------------------

From Clock    To Clock          WNS(ns)      TNS(ns)  TNS Failing Endpoints  TNS Total Endpoints      WHS(ns)      THS(ns)  THS Failing Endpoints  THS Total Endpoints  
----------    --------          -------      -------  ---------------------  -------------------      -------      -------  ---------------------  -------------------  


------------------------------------------------------------------------------------------------
| Other Path Groups Table
| -----------------------
------------------------------------------------------------------------------------------------

Path Group         From Clock         To Clock               WNS(ns)      TNS(ns)  TNS Failing Endpoints  TNS Total Endpoints      WHS(ns)      THS(ns)  THS Failing Endpoints  THS Total Endpoints  
----------         ----------         --------               -------      -------  ---------------------  -------------------      -------      -------  ---------------------  -------------------  
**async_default**  sys_clk_pin        sys_clk_pin              7.929        0.000                      0                    3        0.823        0.000                      0                    3  


------------------------------------------------------------------------------------------------
| User Ignored Path Table
| -----------------------
------------------------------------------------------------------------------------------------

Path Group    From Clock    To Clock    
----------    ----------    --------    


------------------------------------------------------------------------------------------------
| Unconstrained Path Table
| ------------------------
------------------------------------------------------------------------------------------------

Path Group    From Clock    To Clock    
----------    ----------    --------    
(none)        sys_clk_pin                 
(none)                      sys_clk_pin   


------------------------------------------------------------------------------------------------
| Timing Details
| --------------
------------------------------------------------------------------------------------------------


---------------------------------------------------------------------------------------------------
From Clock:  sys_clk_pin
  To Clock:  sys_clk_pin

Setup :            0  Failing Endpoints,  Worst Slack        4.175ns,  Total Violation        0.000ns
Hold  :            0  Failing Endpoints,  Worst Slack        0.118ns,  Total Violation        0.000ns
PW    :            0  Failing Endpoints,  Worst Slack        4.500ns,  Total Violation        0.000ns
---------------------------------------------------------------------------------------------------


Max Delay Paths
--------------------------------------------------------------------------------------
Slack (MET) :             4.175ns  (required time - arrival time)
  Source:                 State_Machine_Game_Inst/r_Index_reg[0]/C
                            (rising edge-triggered cell FDRE clocked by sys_clk_pin  {rise@0.000ns fall@5.000ns period=10.000ns})
  Destination:            State_Machine_Game_Inst/r_Index_reg[1]/R
                            (rising edge-triggered cell FDRE clocked by sys_clk_pin  {rise@0.000ns fall@5.000ns period=10.000ns})
  Path Group:             sys_clk_pin
  Path Type:              Setup (Max at Slow Process Corner)
  Requirement:            10.000ns  (sys_clk_pin rise@10.000ns - sys_clk_pin rise@0.000ns)
  Data Path Delay:        5.165ns  (logic 0.952ns (18.430%)  route 4.213ns (81.570%))
  Logic Levels:           4  (LUT4=2 LUT5=1 LUT6=1)
  Clock Path Skew:        -0.100ns (DCD - SCD + CPR)
    Destination Clock Delay (DCD):    4.779ns = ( 14.779 - 10.000 ) 
    Source Clock Delay      (SCD):    5.139ns
    Clock Pessimism Removal (CPR):    0.260ns
  Clock Uncertainty:      0.035ns  ((TSJ^2 + TIJ^2)^1/2 + DJ) / 2 + PE
    Total System Jitter     (TSJ):    0.071ns
    Total Input Jitter      (TIJ):    0.000ns
    Discrete Jitter          (DJ):    0.000ns
    Phase Error              (PE):    0.000ns

    Location             Delay type                Incr(ns)  Path(ns)    Netlist Resource(s)
  -------------------------------------------------------------------    -------------------
                         (clock sys_clk_pin rise edge)
                                                      0.000     0.000 r  
    W5                                                0.000     0.000 r  i_Clk (IN)
                         net (fo=0)                   0.000     0.000    i_Clk
    W5                   IBUF (Prop_ibuf_I_O)         1.458     1.458 r  i_Clk_IBUF_inst/O
                         net (fo=1, routed)           1.967     3.425    i_Clk_IBUF
    BUFGCTRL_X0Y0        BUFG (Prop_bufg_I_O)         0.096     3.521 r  i_Clk_IBUF_BUFG_inst/O
                         net (fo=203, routed)         1.618     5.139    State_Machine_Game_Inst/i_Clk_IBUF_BUFG
    SLICE_X7Y27          FDRE                                         r  State_Machine_Game_Inst/r_Index_reg[0]/C
  -------------------------------------------------------------------    -------------------
    SLICE_X7Y27          FDRE (Prop_fdre_C_Q)         0.456     5.595 r  State_Machine_Game_Inst/r_Index_reg[0]/Q
                         net (fo=9, routed)           1.735     7.331    State_Machine_Game_Inst/r_Index_reg_n_0_[0]
    SLICE_X10Y30         LUT6 (Prop_lut6_I2_O)        0.124     7.455 r  State_Machine_Game_Inst/o_LED_1_OBUF_inst_i_6/O
                         net (fo=1, routed)           0.570     8.024    State_Machine_Game_Inst/o_LED_1_OBUF_inst_i_6_n_0
    SLICE_X9Y31          LUT5 (Prop_lut5_I1_O)        0.124     8.148 r  State_Machine_Game_Inst/o_LED_1_OBUF_inst_i_3/O
                         net (fo=5, routed)           0.884     9.032    State_Machine_Game_Inst/o_LED_1_OBUF_inst_i_3_n_0
    SLICE_X6Y26          LUT4 (Prop_lut4_I0_O)        0.124     9.156 f  State_Machine_Game_Inst/FSM_sequential_r_Curr_State[2]_i_2/O
                         net (fo=4, routed)           0.314     9.470    State_Machine_Game_Inst/Count_And_Toggle_Inst/FSM_sequential_r_Curr_State_reg[2]_0
    SLICE_X7Y27          LUT4 (Prop_lut4_I3_O)        0.124     9.594 r  State_Machine_Game_Inst/Count_And_Toggle_Inst/r_Index[3]_i_1/O
                         net (fo=4, routed)           0.711    10.305    State_Machine_Game_Inst/Count_And_Toggle_Inst_n_2
    SLICE_X8Y28          FDRE                                         r  State_Machine_Game_Inst/r_Index_reg[1]/R
  -------------------------------------------------------------------    -------------------

                         (clock sys_clk_pin rise edge)
                                                     10.000    10.000 r  
    W5                                                0.000    10.000 r  i_Clk (IN)
                         net (fo=0)                   0.000    10.000    i_Clk
    W5                   IBUF (Prop_ibuf_I_O)         1.388    11.388 r  i_Clk_IBUF_inst/O
                         net (fo=1, routed)           1.862    13.250    i_Clk_IBUF
    BUFGCTRL_X0Y0        BUFG (Prop_bufg_I_O)         0.091    13.341 r  i_Clk_IBUF_BUFG_inst/O
                         net (fo=203, routed)         1.438    14.779    State_Machine_Game_Inst/i_Clk_IBUF_BUFG
    SLICE_X8Y28          FDRE                                         r  State_Machine_Game_Inst/r_Index_reg[1]/C
                         clock pessimism              0.260    15.039    
                         clock uncertainty           -0.035    15.004    
    SLICE_X8Y28          FDRE (Setup_fdre_C_R)       -0.524    14.480    State_Machine_Game_Inst/r_Index_reg[1]
  -------------------------------------------------------------------
                         required time                         14.480    
                         arrival time                         -10.305    
  -------------------------------------------------------------------
                         slack                                  4.175    

Slack (MET) :             4.175ns  (required time - arrival time)
  Source:                 State_Machine_Game_Inst/r_Index_reg[0]/C
                            (rising edge-triggered cell FDRE clocked by sys_clk_pin  {rise@0.000ns fall@5.000ns period=10.000ns})
  Destination:            State_Machine_Game_Inst/r_Index_reg[2]/R
                            (rising edge-triggered cell FDRE clocked by sys_clk_pin  {rise@0.000ns fall@5.000ns period=10.000ns})
  Path Group:             sys_clk_pin
  Path Type:              Setup (Max at Slow Process Corner)
  Requirement:            10.000ns  (sys_clk_pin rise@10.000ns - sys_clk_pin rise@0.000ns)
  Data Path Delay:        5.165ns  (logic 0.952ns (18.430%)  route 4.213ns (81.570%))
  Logic Levels:           4  (LUT4=2 LUT5=1 LUT6=1)
  Clock Path Skew:        -0.100ns (DCD - SCD + CPR)
    Destination Clock Delay (DCD):    4.779ns = ( 14.779 - 10.000 ) 
    Source Clock Delay      (SCD):    5.139ns
    Clock Pessimism Removal (CPR):    0.260ns
  Clock Uncertainty:      0.035ns  ((TSJ^2 + TIJ^2)^1/2 + DJ) / 2 + PE
    Total System Jitter     (TSJ):    0.071ns
    Total Input Jitter      (TIJ):    0.000ns
    Discrete Jitter          (DJ):    0.000ns
    Phase Error              (PE):    0.000ns

    Location             Delay type                Incr(ns)  Path(ns)    Netlist Resource(s)
  -------------------------------------------------------------------    -------------------
                         (clock sys_clk_pin rise edge)
                                                      0.000     0.000 r  
    W5                                                0.000     0.000 r  i_Clk (IN)
                         net (fo=0)                   0.000     0.000    i_Clk
    W5                   IBUF (Prop_ibuf_I_O)         1.458     1.458 r  i_Clk_IBUF_inst/O
                         net (fo=1, routed)           1.967     3.425    i_Clk_IBUF
    BUFGCTRL_X0Y0        BUFG (Prop_bufg_I_O)         0.096     3.521 r  i_Clk_IBUF_BUFG_inst/O
                         net (fo=203, routed)         1.618     5.139    State_Machine_Game_Inst/i_Clk_IBUF_BUFG
    SLICE_X7Y27          FDRE                                         r  State_Machine_Game_Inst/r_Index_reg[0]/C
  -------------------------------------------------------------------    -------------------
    SLICE_X7Y27          FDRE (Prop_fdre_C_Q)         0.456     5.595 r  State_Machine_Game_Inst/r_Index_reg[0]/Q
                         net (fo=9, routed)           1.735     7.331    State_Machine_Game_Inst/r_Index_reg_n_0_[0]
    SLICE_X10Y30         LUT6 (Prop_lut6_I2_O)        0.124     7.455 r  State_Machine_Game_Inst/o_LED_1_OBUF_inst_i_6/O
                         net (fo=1, routed)           0.570     8.024    State_Machine_Game_Inst/o_LED_1_OBUF_inst_i_6_n_0
    SLICE_X9Y31          LUT5 (Prop_lut5_I1_O)        0.124     8.148 r  State_Machine_Game_Inst/o_LED_1_OBUF_inst_i_3/O
                         net (fo=5, routed)           0.884     9.032    State_Machine_Game_Inst/o_LED_1_OBUF_inst_i_3_n_0
    SLICE_X6Y26          LUT4 (Prop_lut4_I0_O)        0.124     9.156 f  State_Machine_Game_Inst/FSM_sequential_r_Curr_State[2]_i_2/O
                         net (fo=4, routed)           0.314     9.470    State_Machine_Game_Inst/Count_And_Toggle_Inst/FSM_sequential_r_Curr_State_reg[2]_0
    SLICE_X7Y27          LUT4 (Prop_lut4_I3_O)        0.124     9.594 r  State_Machine_Game_Inst/Count_And_Toggle_Inst/r_Index[3]_i_1/O
                         net (fo=4, routed)           0.711    10.305    State_Machine_Game_Inst/Count_And_Toggle_Inst_n_2
    SLICE_X8Y28          FDRE                                         r  State_Machine_Game_Inst/r_Index_reg[2]/R
  -------------------------------------------------------------------    -------------------

                         (clock sys_clk_pin rise edge)
                                                     10.000    10.000 r  
    W5                                                0.000    10.000 r  i_Clk (IN)
                         net (fo=0)                   0.000    10.000    i_Clk
    W5                   IBUF (Prop_ibuf_I_O)         1.388    11.388 r  i_Clk_IBUF_inst/O
                         net (fo=1, routed)           1.862    13.250    i_Clk_IBUF
    BUFGCTRL_X0Y0        BUFG (Prop_bufg_I_O)         0.091    13.341 r  i_Clk_IBUF_BUFG_inst/O
                         net (fo=203, routed)         1.438    14.779    State_Machine_Game_Inst/i_Clk_IBUF_BUFG
    SLICE_X8Y28          FDRE                                         r  State_Machine_Game_Inst/r_Index_reg[2]/C
                         clock pessimism              0.260    15.039    
                         clock uncertainty           -0.035    15.004    
    SLICE_X8Y28          FDRE (Setup_fdre_C_R)       -0.524    14.480    State_Machine_Game_Inst/r_Index_reg[2]
  -------------------------------------------------------------------
                         required time                         14.480    
                         arrival time                         -10.305    
  -------------------------------------------------------------------
                         slack                                  4.175    

Slack (MET) :             4.175ns  (required time - arrival time)
  Source:                 State_Machine_Game_Inst/r_Index_reg[0]/C
                            (rising edge-triggered cell FDRE clocked by sys_clk_pin  {rise@0.000ns fall@5.000ns period=10.000ns})
  Destination:            State_Machine_Game_Inst/r_Index_reg[3]/R
                            (rising edge-triggered cell FDRE clocked by sys_clk_pin  {rise@0.000ns fall@5.000ns period=10.000ns})
  Path Group:             sys_clk_pin
  Path Type:              Setup (Max at Slow Process Corner)
  Requirement:            10.000ns  (sys_clk_pin rise@10.000ns - sys_clk_pin rise@0.000ns)
  Data Path Delay:        5.165ns  (logic 0.952ns (18.430%)  route 4.213ns (81.570%))
  Logic Levels:           4  (LUT4=2 LUT5=1 LUT6=1)
  Clock Path Skew:        -0.100ns (DCD - SCD + CPR)
    Destination Clock Delay (DCD):    4.779ns = ( 14.779 - 10.000 ) 
    Source Clock Delay      (SCD):    5.139ns
    Clock Pessimism Removal (CPR):    0.260ns
  Clock Uncertainty:      0.035ns  ((TSJ^2 + TIJ^2)^1/2 + DJ) / 2 + PE
    Total System Jitter     (TSJ):    0.071ns
    Total Input Jitter      (TIJ):    0.000ns
    Discrete Jitter          (DJ):    0.000ns
    Phase Error              (PE):    0.000ns

    Location             Delay type                Incr(ns)  Path(ns)    Netlist Resource(s)
  -------------------------------------------------------------------    -------------------
                         (clock sys_clk_pin rise edge)
                                                      0.000     0.000 r  
    W5                                                0.000     0.000 r  i_Clk (IN)
                         net (fo=0)                   0.000     0.000    i_Clk
    W5                   IBUF (Prop_ibuf_I_O)         1.458     1.458 r  i_Clk_IBUF_inst/O
                         net (fo=1, routed)           1.967     3.425    i_Clk_IBUF
    BUFGCTRL_X0Y0        BUFG (Prop_bufg_I_O)         0.096     3.521 r  i_Clk_IBUF_BUFG_inst/O
                         net (fo=203, routed)         1.618     5.139    State_Machine_Game_Inst/i_Clk_IBUF_BUFG
    SLICE_X7Y27          FDRE                                         r  State_Machine_Game_Inst/r_Index_reg[0]/C
  -------------------------------------------------------------------    -------------------
    SLICE_X7Y27          FDRE (Prop_fdre_C_Q)         0.456     5.595 r  State_Machine_Game_Inst/r_Index_reg[0]/Q
                         net (fo=9, routed)           1.735     7.331    State_Machine_Game_Inst/r_Index_reg_n_0_[0]
    SLICE_X10Y30         LUT6 (Prop_lut6_I2_O)        0.124     7.455 r  State_Machine_Game_Inst/o_LED_1_OBUF_inst_i_6/O
                         net (fo=1, routed)           0.570     8.024    State_Machine_Game_Inst/o_LED_1_OBUF_inst_i_6_n_0
    SLICE_X9Y31          LUT5 (Prop_lut5_I1_O)        0.124     8.148 r  State_Machine_Game_Inst/o_LED_1_OBUF_inst_i_3/O
                         net (fo=5, routed)           0.884     9.032    State_Machine_Game_Inst/o_LED_1_OBUF_inst_i_3_n_0
    SLICE_X6Y26          LUT4 (Prop_lut4_I0_O)        0.124     9.156 f  State_Machine_Game_Inst/FSM_sequential_r_Curr_State[2]_i_2/O
                         net (fo=4, routed)           0.314     9.470    State_Machine_Game_Inst/Count_And_Toggle_Inst/FSM_sequential_r_Curr_State_reg[2]_0
    SLICE_X7Y27          LUT4 (Prop_lut4_I3_O)        0.124     9.594 r  State_Machine_Game_Inst/Count_And_Toggle_Inst/r_Index[3]_i_1/O
                         net (fo=4, routed)           0.711    10.305    State_Machine_Game_Inst/Count_And_Toggle_Inst_n_2
    SLICE_X8Y28          FDRE                                         r  State_Machine_Game_Inst/r_Index_reg[3]/R
  -------------------------------------------------------------------    -------------------

                         (clock sys_clk_pin rise edge)
                                                     10.000    10.000 r  
    W5                                                0.000    10.000 r  i_Clk (IN)
                         net (fo=0)                   0.000    10.000    i_Clk
    W5                   IBUF (Prop_ibuf_I_O)         1.388    11.388 r  i_Clk_IBUF_inst/O
                         net (fo=1, routed)           1.862    13.250    i_Clk_IBUF
    BUFGCTRL_X0Y0        BUFG (Prop_bufg_I_O)         0.091    13.341 r  i_Clk_IBUF_BUFG_inst/O
                         net (fo=203, routed)         1.438    14.779    State_Machine_Game_Inst/i_Clk_IBUF_BUFG
    SLICE_X8Y28          FDRE                                         r  State_Machine_Game_Inst/r_Index_reg[3]/C
                         clock pessimism              0.260    15.039    
                         clock uncertainty           -0.035    15.004    
    SLICE_X8Y28          FDRE (Setup_fdre_C_R)       -0.524    14.480    State_Machine_Game_Inst/r_Index_reg[3]
  -------------------------------------------------------------------
                         required time                         14.480    
                         arrival time                         -10.305    
  -------------------------------------------------------------------
                         slack                                  4.175    

Slack (MET) :             4.682ns  (required time - arrival time)
  Source:                 State_Machine_Game_Inst/r_Index_reg[0]/C
                            (rising edge-triggered cell FDRE clocked by sys_clk_pin  {rise@0.000ns fall@5.000ns period=10.000ns})
  Destination:            State_Machine_Game_Inst/r_Index_reg[0]/R
                            (rising edge-triggered cell FDRE clocked by sys_clk_pin  {rise@0.000ns fall@5.000ns period=10.000ns})
  Path Group:             sys_clk_pin
  Path Type:              Setup (Max at Slow Process Corner)
  Requirement:            10.000ns  (sys_clk_pin rise@10.000ns - sys_clk_pin rise@0.000ns)
  Data Path Delay:        4.854ns  (logic 0.952ns (19.614%)  route 3.902ns (80.386%))
  Logic Levels:           4  (LUT4=2 LUT5=1 LUT6=1)
  Clock Path Skew:        0.000ns (DCD - SCD + CPR)
    Destination Clock Delay (DCD):    4.844ns = ( 14.844 - 10.000 ) 
    Source Clock Delay      (SCD):    5.139ns
    Clock Pessimism Removal (CPR):    0.295ns
  Clock Uncertainty:      0.035ns  ((TSJ^2 + TIJ^2)^1/2 + DJ) / 2 + PE
    Total System Jitter     (TSJ):    0.071ns
    Total Input Jitter      (TIJ):    0.000ns
    Discrete Jitter          (DJ):    0.000ns
    Phase Error              (PE):    0.000ns

    Location             Delay type                Incr(ns)  Path(ns)    Netlist Resource(s)
  -------------------------------------------------------------------    -------------------
                         (clock sys_clk_pin rise edge)
                                                      0.000     0.000 r  
    W5                                                0.000     0.000 r  i_Clk (IN)
                         net (fo=0)                   0.000     0.000    i_Clk
    W5                   IBUF (Prop_ibuf_I_O)         1.458     1.458 r  i_Clk_IBUF_inst/O
                         net (fo=1, routed)           1.967     3.425    i_Clk_IBUF
    BUFGCTRL_X0Y0        BUFG (Prop_bufg_I_O)         0.096     3.521 r  i_Clk_IBUF_BUFG_inst/O
                         net (fo=203, routed)         1.618     5.139    State_Machine_Game_Inst/i_Clk_IBUF_BUFG
    SLICE_X7Y27          FDRE                                         r  State_Machine_Game_Inst/r_Index_reg[0]/C
  -------------------------------------------------------------------    -------------------
    SLICE_X7Y27          FDRE (Prop_fdre_C_Q)         0.456     5.595 r  State_Machine_Game_Inst/r_Index_reg[0]/Q
                         net (fo=9, routed)           1.735     7.331    State_Machine_Game_Inst/r_Index_reg_n_0_[0]
    SLICE_X10Y30         LUT6 (Prop_lut6_I2_O)        0.124     7.455 r  State_Machine_Game_Inst/o_LED_1_OBUF_inst_i_6/O
                         net (fo=1, routed)           0.570     8.024    State_Machine_Game_Inst/o_LED_1_OBUF_inst_i_6_n_0
    SLICE_X9Y31          LUT5 (Prop_lut5_I1_O)        0.124     8.148 r  State_Machine_Game_Inst/o_LED_1_OBUF_inst_i_3/O
                         net (fo=5, routed)           0.884     9.032    State_Machine_Game_Inst/o_LED_1_OBUF_inst_i_3_n_0
    SLICE_X6Y26          LUT4 (Prop_lut4_I0_O)        0.124     9.156 f  State_Machine_Game_Inst/FSM_sequential_r_Curr_State[2]_i_2/O
                         net (fo=4, routed)           0.314     9.470    State_Machine_Game_Inst/Count_And_Toggle_Inst/FSM_sequential_r_Curr_State_reg[2]_0
    SLICE_X7Y27          LUT4 (Prop_lut4_I3_O)        0.124     9.594 r  State_Machine_Game_Inst/Count_And_Toggle_Inst/r_Index[3]_i_1/O
                         net (fo=4, routed)           0.399     9.993    State_Machine_Game_Inst/Count_And_Toggle_Inst_n_2
    SLICE_X7Y27          FDRE                                         r  State_Machine_Game_Inst/r_Index_reg[0]/R
  -------------------------------------------------------------------    -------------------

                         (clock sys_clk_pin rise edge)
                                                     10.000    10.000 r  
    W5                                                0.000    10.000 r  i_Clk (IN)
                         net (fo=0)                   0.000    10.000    i_Clk
    W5                   IBUF (Prop_ibuf_I_O)         1.388    11.388 r  i_Clk_IBUF_inst/O
                         net (fo=1, routed)           1.862    13.250    i_Clk_IBUF
    BUFGCTRL_X0Y0        BUFG (Prop_bufg_I_O)         0.091    13.341 r  i_Clk_IBUF_BUFG_inst/O
                         net (fo=203, routed)         1.503    14.844    State_Machine_Game_Inst/i_Clk_IBUF_BUFG
    SLICE_X7Y27          FDRE                                         r  State_Machine_Game_Inst/r_Index_reg[0]/C
                         clock pessimism              0.295    15.139    
                         clock uncertainty           -0.035    15.104    
    SLICE_X7Y27          FDRE (Setup_fdre_C_R)       -0.429    14.675    State_Machine_Game_Inst/r_Index_reg[0]
  -------------------------------------------------------------------
                         required time                         14.675    
                         arrival time                          -9.993    
  -------------------------------------------------------------------
                         slack                                  4.682    

Slack (MET) :             4.688ns  (required time - arrival time)
  Source:                 State_Machine_Game_Inst/r_Index_reg[0]/C
                            (rising edge-triggered cell FDRE clocked by sys_clk_pin  {rise@0.000ns fall@5.000ns period=10.000ns})
  Destination:            State_Machine_Game_Inst/r_Index_reg[1]/CE
                            (rising edge-triggered cell FDRE clocked by sys_clk_pin  {rise@0.000ns fall@5.000ns period=10.000ns})
  Path Group:             sys_clk_pin
  Path Type:              Setup (Max at Slow Process Corner)
  Requirement:            10.000ns  (sys_clk_pin rise@10.000ns - sys_clk_pin rise@0.000ns)
  Data Path Delay:        5.008ns  (logic 0.952ns (19.011%)  route 4.056ns (80.989%))
  Logic Levels:           4  (LUT4=1 LUT5=1 LUT6=2)
  Clock Path Skew:        -0.100ns (DCD - SCD + CPR)
    Destination Clock Delay (DCD):    4.779ns = ( 14.779 - 10.000 ) 
    Source Clock Delay      (SCD):    5.139ns
    Clock Pessimism Removal (CPR):    0.260ns
  Clock Uncertainty:      0.035ns  ((TSJ^2 + TIJ^2)^1/2 + DJ) / 2 + PE
    Total System Jitter     (TSJ):    0.071ns
    Total Input Jitter      (TIJ):    0.000ns
    Discrete Jitter          (DJ):    0.000ns
    Phase Error              (PE):    0.000ns

    Location             Delay type                Incr(ns)  Path(ns)    Netlist Resource(s)
  -------------------------------------------------------------------    -------------------
                         (clock sys_clk_pin rise edge)
                                                      0.000     0.000 r  
    W5                                                0.000     0.000 r  i_Clk (IN)
                         net (fo=0)                   0.000     0.000    i_Clk
    W5                   IBUF (Prop_ibuf_I_O)         1.458     1.458 r  i_Clk_IBUF_inst/O
                         net (fo=1, routed)           1.967     3.425    i_Clk_IBUF
    BUFGCTRL_X0Y0        BUFG (Prop_bufg_I_O)         0.096     3.521 r  i_Clk_IBUF_BUFG_inst/O
                         net (fo=203, routed)         1.618     5.139    State_Machine_Game_Inst/i_Clk_IBUF_BUFG
    SLICE_X7Y27          FDRE                                         r  State_Machine_Game_Inst/r_Index_reg[0]/C
  -------------------------------------------------------------------    -------------------
    SLICE_X7Y27          FDRE (Prop_fdre_C_Q)         0.456     5.595 r  State_Machine_Game_Inst/r_Index_reg[0]/Q
                         net (fo=9, routed)           1.735     7.331    State_Machine_Game_Inst/r_Index_reg_n_0_[0]
    SLICE_X10Y30         LUT6 (Prop_lut6_I2_O)        0.124     7.455 r  State_Machine_Game_Inst/o_LED_1_OBUF_inst_i_6/O
                         net (fo=1, routed)           0.570     8.024    State_Machine_Game_Inst/o_LED_1_OBUF_inst_i_6_n_0
    SLICE_X9Y31          LUT5 (Prop_lut5_I1_O)        0.124     8.148 r  State_Machine_Game_Inst/o_LED_1_OBUF_inst_i_3/O
                         net (fo=5, routed)           0.884     9.032    State_Machine_Game_Inst/o_LED_1_OBUF_inst_i_3_n_0
    SLICE_X6Y26          LUT4 (Prop_lut4_I0_O)        0.124     9.156 f  State_Machine_Game_Inst/FSM_sequential_r_Curr_State[2]_i_2/O
                         net (fo=4, routed)           0.309     9.465    State_Machine_Game_Inst/Count_And_Toggle_Inst/FSM_sequential_r_Curr_State_reg[2]_0
    SLICE_X7Y27          LUT6 (Prop_lut6_I0_O)        0.124     9.589 r  State_Machine_Game_Inst/Count_And_Toggle_Inst/r_Index[3]_i_2/O
                         net (fo=4, routed)           0.558    10.147    State_Machine_Game_Inst/Count_And_Toggle_Inst_n_1
    SLICE_X8Y28          FDRE                                         r  State_Machine_Game_Inst/r_Index_reg[1]/CE
  -------------------------------------------------------------------    -------------------

                         (clock sys_clk_pin rise edge)
                                                     10.000    10.000 r  
    W5                                                0.000    10.000 r  i_Clk (IN)
                         net (fo=0)                   0.000    10.000    i_Clk
    W5                   IBUF (Prop_ibuf_I_O)         1.388    11.388 r  i_Clk_IBUF_inst/O
                         net (fo=1, routed)           1.862    13.250    i_Clk_IBUF
    BUFGCTRL_X0Y0        BUFG (Prop_bufg_I_O)         0.091    13.341 r  i_Clk_IBUF_BUFG_inst/O
                         net (fo=203, routed)         1.438    14.779    State_Machine_Game_Inst/i_Clk_IBUF_BUFG
    SLICE_X8Y28          FDRE                                         r  State_Machine_Game_Inst/r_Index_reg[1]/C
                         clock pessimism              0.260    15.039    
                         clock uncertainty           -0.035    15.004    
    SLICE_X8Y28          FDRE (Setup_fdre_C_CE)      -0.169    14.835    State_Machine_Game_Inst/r_Index_reg[1]
  -------------------------------------------------------------------
                         required time                         14.835    
                         arrival time                         -10.147    
  -------------------------------------------------------------------
                         slack                                  4.688    

Slack (MET) :             4.688ns  (required time - arrival time)
  Source:                 State_Machine_Game_Inst/r_Index_reg[0]/C
                            (rising edge-triggered cell FDRE clocked by sys_clk_pin  {rise@0.000ns fall@5.000ns period=10.000ns})
  Destination:            State_Machine_Game_Inst/r_Index_reg[2]/CE
                            (rising edge-triggered cell FDRE clocked by sys_clk_pin  {rise@0.000ns fall@5.000ns period=10.000ns})
  Path Group:             sys_clk_pin
  Path Type:              Setup (Max at Slow Process Corner)
  Requirement:            10.000ns  (sys_clk_pin rise@10.000ns - sys_clk_pin rise@0.000ns)
  Data Path Delay:        5.008ns  (logic 0.952ns (19.011%)  route 4.056ns (80.989%))
  Logic Levels:           4  (LUT4=1 LUT5=1 LUT6=2)
  Clock Path Skew:        -0.100ns (DCD - SCD + CPR)
    Destination Clock Delay (DCD):    4.779ns = ( 14.779 - 10.000 ) 
    Source Clock Delay      (SCD):    5.139ns
    Clock Pessimism Removal (CPR):    0.260ns
  Clock Uncertainty:      0.035ns  ((TSJ^2 + TIJ^2)^1/2 + DJ) / 2 + PE
    Total System Jitter     (TSJ):    0.071ns
    Total Input Jitter      (TIJ):    0.000ns
    Discrete Jitter          (DJ):    0.000ns
    Phase Error              (PE):    0.000ns

    Location             Delay type                Incr(ns)  Path(ns)    Netlist Resource(s)
  -------------------------------------------------------------------    -------------------
                         (clock sys_clk_pin rise edge)
                                                      0.000     0.000 r  
    W5                                                0.000     0.000 r  i_Clk (IN)
                         net (fo=0)                   0.000     0.000    i_Clk
    W5                   IBUF (Prop_ibuf_I_O)         1.458     1.458 r  i_Clk_IBUF_inst/O
                         net (fo=1, routed)           1.967     3.425    i_Clk_IBUF
    BUFGCTRL_X0Y0        BUFG (Prop_bufg_I_O)         0.096     3.521 r  i_Clk_IBUF_BUFG_inst/O
                         net (fo=203, routed)         1.618     5.139    State_Machine_Game_Inst/i_Clk_IBUF_BUFG
    SLICE_X7Y27          FDRE                                         r  State_Machine_Game_Inst/r_Index_reg[0]/C
  -------------------------------------------------------------------    -------------------
    SLICE_X7Y27          FDRE (Prop_fdre_C_Q)         0.456     5.595 r  State_Machine_Game_Inst/r_Index_reg[0]/Q
                         net (fo=9, routed)           1.735     7.331    State_Machine_Game_Inst/r_Index_reg_n_0_[0]
    SLICE_X10Y30         LUT6 (Prop_lut6_I2_O)        0.124     7.455 r  State_Machine_Game_Inst/o_LED_1_OBUF_inst_i_6/O
                         net (fo=1, routed)           0.570     8.024    State_Machine_Game_Inst/o_LED_1_OBUF_inst_i_6_n_0
    SLICE_X9Y31          LUT5 (Prop_lut5_I1_O)        0.124     8.148 r  State_Machine_Game_Inst/o_LED_1_OBUF_inst_i_3/O
                         net (fo=5, routed)           0.884     9.032    State_Machine_Game_Inst/o_LED_1_OBUF_inst_i_3_n_0
    SLICE_X6Y26          LUT4 (Prop_lut4_I0_O)        0.124     9.156 f  State_Machine_Game_Inst/FSM_sequential_r_Curr_State[2]_i_2/O
                         net (fo=4, routed)           0.309     9.465    State_Machine_Game_Inst/Count_And_Toggle_Inst/FSM_sequential_r_Curr_State_reg[2]_0
    SLICE_X7Y27          LUT6 (Prop_lut6_I0_O)        0.124     9.589 r  State_Machine_Game_Inst/Count_And_Toggle_Inst/r_Index[3]_i_2/O
                         net (fo=4, routed)           0.558    10.147    State_Machine_Game_Inst/Count_And_Toggle_Inst_n_1
    SLICE_X8Y28          FDRE                                         r  State_Machine_Game_Inst/r_Index_reg[2]/CE
  -------------------------------------------------------------------    -------------------

                         (clock sys_clk_pin rise edge)
                                                     10.000    10.000 r  
    W5                                                0.000    10.000 r  i_Clk (IN)
                         net (fo=0)                   0.000    10.000    i_Clk
    W5                   IBUF (Prop_ibuf_I_O)         1.388    11.388 r  i_Clk_IBUF_inst/O
                         net (fo=1, routed)           1.862    13.250    i_Clk_IBUF
    BUFGCTRL_X0Y0        BUFG (Prop_bufg_I_O)         0.091    13.341 r  i_Clk_IBUF_BUFG_inst/O
                         net (fo=203, routed)         1.438    14.779    State_Machine_Game_Inst/i_Clk_IBUF_BUFG
    SLICE_X8Y28          FDRE                                         r  State_Machine_Game_Inst/r_Index_reg[2]/C
                         clock pessimism              0.260    15.039    
                         clock uncertainty           -0.035    15.004    
    SLICE_X8Y28          FDRE (Setup_fdre_C_CE)      -0.169    14.835    State_Machine_Game_Inst/r_Index_reg[2]
  -------------------------------------------------------------------
                         required time                         14.835    
                         arrival time                         -10.147    
  -------------------------------------------------------------------
                         slack                                  4.688    

Slack (MET) :             4.688ns  (required time - arrival time)
  Source:                 State_Machine_Game_Inst/r_Index_reg[0]/C
                            (rising edge-triggered cell FDRE clocked by sys_clk_pin  {rise@0.000ns fall@5.000ns period=10.000ns})
  Destination:            State_Machine_Game_Inst/r_Index_reg[3]/CE
                            (rising edge-triggered cell FDRE clocked by sys_clk_pin  {rise@0.000ns fall@5.000ns period=10.000ns})
  Path Group:             sys_clk_pin
  Path Type:              Setup (Max at Slow Process Corner)
  Requirement:            10.000ns  (sys_clk_pin rise@10.000ns - sys_clk_pin rise@0.000ns)
  Data Path Delay:        5.008ns  (logic 0.952ns (19.011%)  route 4.056ns (80.989%))
  Logic Levels:           4  (LUT4=1 LUT5=1 LUT6=2)
  Clock Path Skew:        -0.100ns (DCD - SCD + CPR)
    Destination Clock Delay (DCD):    4.779ns = ( 14.779 - 10.000 ) 
    Source Clock Delay      (SCD):    5.139ns
    Clock Pessimism Removal (CPR):    0.260ns
  Clock Uncertainty:      0.035ns  ((TSJ^2 + TIJ^2)^1/2 + DJ) / 2 + PE
    Total System Jitter     (TSJ):    0.071ns
    Total Input Jitter      (TIJ):    0.000ns
    Discrete Jitter          (DJ):    0.000ns
    Phase Error              (PE):    0.000ns

    Location             Delay type                Incr(ns)  Path(ns)    Netlist Resource(s)
  -------------------------------------------------------------------    -------------------
                         (clock sys_clk_pin rise edge)
                                                      0.000     0.000 r  
    W5                                                0.000     0.000 r  i_Clk (IN)
                         net (fo=0)                   0.000     0.000    i_Clk
    W5                   IBUF (Prop_ibuf_I_O)         1.458     1.458 r  i_Clk_IBUF_inst/O
                         net (fo=1, routed)           1.967     3.425    i_Clk_IBUF
    BUFGCTRL_X0Y0        BUFG (Prop_bufg_I_O)         0.096     3.521 r  i_Clk_IBUF_BUFG_inst/O
                         net (fo=203, routed)         1.618     5.139    State_Machine_Game_Inst/i_Clk_IBUF_BUFG
    SLICE_X7Y27          FDRE                                         r  State_Machine_Game_Inst/r_Index_reg[0]/C
  -------------------------------------------------------------------    -------------------
    SLICE_X7Y27          FDRE (Prop_fdre_C_Q)         0.456     5.595 r  State_Machine_Game_Inst/r_Index_reg[0]/Q
                         net (fo=9, routed)           1.735     7.331    State_Machine_Game_Inst/r_Index_reg_n_0_[0]
    SLICE_X10Y30         LUT6 (Prop_lut6_I2_O)        0.124     7.455 r  State_Machine_Game_Inst/o_LED_1_OBUF_inst_i_6/O
                         net (fo=1, routed)           0.570     8.024    State_Machine_Game_Inst/o_LED_1_OBUF_inst_i_6_n_0
    SLICE_X9Y31          LUT5 (Prop_lut5_I1_O)        0.124     8.148 r  State_Machine_Game_Inst/o_LED_1_OBUF_inst_i_3/O
                         net (fo=5, routed)           0.884     9.032    State_Machine_Game_Inst/o_LED_1_OBUF_inst_i_3_n_0
    SLICE_X6Y26          LUT4 (Prop_lut4_I0_O)        0.124     9.156 f  State_Machine_Game_Inst/FSM_sequential_r_Curr_State[2]_i_2/O
                         net (fo=4, routed)           0.309     9.465    State_Machine_Game_Inst/Count_And_Toggle_Inst/FSM_sequential_r_Curr_State_reg[2]_0
    SLICE_X7Y27          LUT6 (Prop_lut6_I0_O)        0.124     9.589 r  State_Machine_Game_Inst/Count_And_Toggle_Inst/r_Index[3]_i_2/O
                         net (fo=4, routed)           0.558    10.147    State_Machine_Game_Inst/Count_And_Toggle_Inst_n_1
    SLICE_X8Y28          FDRE                                         r  State_Machine_Game_Inst/r_Index_reg[3]/CE
  -------------------------------------------------------------------    -------------------

                         (clock sys_clk_pin rise edge)
                                                     10.000    10.000 r  
    W5                                                0.000    10.000 r  i_Clk (IN)
                         net (fo=0)                   0.000    10.000    i_Clk
    W5                   IBUF (Prop_ibuf_I_O)         1.388    11.388 r  i_Clk_IBUF_inst/O
                         net (fo=1, routed)           1.862    13.250    i_Clk_IBUF
    BUFGCTRL_X0Y0        BUFG (Prop_bufg_I_O)         0.091    13.341 r  i_Clk_IBUF_BUFG_inst/O
                         net (fo=203, routed)         1.438    14.779    State_Machine_Game_Inst/i_Clk_IBUF_BUFG
    SLICE_X8Y28          FDRE                                         r  State_Machine_Game_Inst/r_Index_reg[3]/C
                         clock pessimism              0.260    15.039    
                         clock uncertainty           -0.035    15.004    
    SLICE_X8Y28          FDRE (Setup_fdre_C_CE)      -0.169    14.835    State_Machine_Game_Inst/r_Index_reg[3]
  -------------------------------------------------------------------
                         required time                         14.835    
                         arrival time                         -10.147    
  -------------------------------------------------------------------
                         slack                                  4.688    

Slack (MET) :             4.711ns  (required time - arrival time)
  Source:                 State_Machine_Game_Inst/r_Index_reg[0]/C
                            (rising edge-triggered cell FDRE clocked by sys_clk_pin  {rise@0.000ns fall@5.000ns period=10.000ns})
  Destination:            State_Machine_Game_Inst/r_Index_reg[0]/CE
                            (rising edge-triggered cell FDRE clocked by sys_clk_pin  {rise@0.000ns fall@5.000ns period=10.000ns})
  Path Group:             sys_clk_pin
  Path Type:              Setup (Max at Slow Process Corner)
  Requirement:            10.000ns  (sys_clk_pin rise@10.000ns - sys_clk_pin rise@0.000ns)
  Data Path Delay:        5.049ns  (logic 0.952ns (18.855%)  route 4.097ns (81.145%))
  Logic Levels:           4  (LUT4=1 LUT5=1 LUT6=2)
  Clock Path Skew:        0.000ns (DCD - SCD + CPR)
    Destination Clock Delay (DCD):    4.844ns = ( 14.844 - 10.000 ) 
    Source Clock Delay      (SCD):    5.139ns
    Clock Pessimism Removal (CPR):    0.295ns
  Clock Uncertainty:      0.035ns  ((TSJ^2 + TIJ^2)^1/2 + DJ) / 2 + PE
    Total System Jitter     (TSJ):    0.071ns
    Total Input Jitter      (TIJ):    0.000ns
    Discrete Jitter          (DJ):    0.000ns
    Phase Error              (PE):    0.000ns

    Location             Delay type                Incr(ns)  Path(ns)    Netlist Resource(s)
  -------------------------------------------------------------------    -------------------
                         (clock sys_clk_pin rise edge)
                                                      0.000     0.000 r  
    W5                                                0.000     0.000 r  i_Clk (IN)
                         net (fo=0)                   0.000     0.000    i_Clk
    W5                   IBUF (Prop_ibuf_I_O)         1.458     1.458 r  i_Clk_IBUF_inst/O
                         net (fo=1, routed)           1.967     3.425    i_Clk_IBUF
    BUFGCTRL_X0Y0        BUFG (Prop_bufg_I_O)         0.096     3.521 r  i_Clk_IBUF_BUFG_inst/O
                         net (fo=203, routed)         1.618     5.139    State_Machine_Game_Inst/i_Clk_IBUF_BUFG
    SLICE_X7Y27          FDRE                                         r  State_Machine_Game_Inst/r_Index_reg[0]/C
  -------------------------------------------------------------------    -------------------
    SLICE_X7Y27          FDRE (Prop_fdre_C_Q)         0.456     5.595 r  State_Machine_Game_Inst/r_Index_reg[0]/Q
                         net (fo=9, routed)           1.735     7.331    State_Machine_Game_Inst/r_Index_reg_n_0_[0]
    SLICE_X10Y30         LUT6 (Prop_lut6_I2_O)        0.124     7.455 r  State_Machine_Game_Inst/o_LED_1_OBUF_inst_i_6/O
                         net (fo=1, routed)           0.570     8.024    State_Machine_Game_Inst/o_LED_1_OBUF_inst_i_6_n_0
    SLICE_X9Y31          LUT5 (Prop_lut5_I1_O)        0.124     8.148 r  State_Machine_Game_Inst/o_LED_1_OBUF_inst_i_3/O
                         net (fo=5, routed)           0.884     9.032    State_Machine_Game_Inst/o_LED_1_OBUF_inst_i_3_n_0
    SLICE_X6Y26          LUT4 (Prop_lut4_I0_O)        0.124     9.156 f  State_Machine_Game_Inst/FSM_sequential_r_Curr_State[2]_i_2/O
                         net (fo=4, routed)           0.309     9.465    State_Machine_Game_Inst/Count_And_Toggle_Inst/FSM_sequential_r_Curr_State_reg[2]_0
    SLICE_X7Y27          LUT6 (Prop_lut6_I0_O)        0.124     9.589 r  State_Machine_Game_Inst/Count_And_Toggle_Inst/r_Index[3]_i_2/O
                         net (fo=4, routed)           0.600    10.188    State_Machine_Game_Inst/Count_And_Toggle_Inst_n_1
    SLICE_X7Y27          FDRE                                         r  State_Machine_Game_Inst/r_Index_reg[0]/CE
  -------------------------------------------------------------------    -------------------

                         (clock sys_clk_pin rise edge)
                                                     10.000    10.000 r  
    W5                                                0.000    10.000 r  i_Clk (IN)
                         net (fo=0)                   0.000    10.000    i_Clk
    W5                   IBUF (Prop_ibuf_I_O)         1.388    11.388 r  i_Clk_IBUF_inst/O
                         net (fo=1, routed)           1.862    13.250    i_Clk_IBUF
    BUFGCTRL_X0Y0        BUFG (Prop_bufg_I_O)         0.091    13.341 r  i_Clk_IBUF_BUFG_inst/O
                         net (fo=203, routed)         1.503    14.844    State_Machine_Game_Inst/i_Clk_IBUF_BUFG
    SLICE_X7Y27          FDRE                                         r  State_Machine_Game_Inst/r_Index_reg[0]/C
                         clock pessimism              0.295    15.139    
                         clock uncertainty           -0.035    15.104    
    SLICE_X7Y27          FDRE (Setup_fdre_C_CE)      -0.205    14.899    State_Machine_Game_Inst/r_Index_reg[0]
  -------------------------------------------------------------------
                         required time                         14.899    
                         arrival time                         -10.188    
  -------------------------------------------------------------------
                         slack                                  4.711    

Slack (MET) :             5.102ns  (required time - arrival time)
  Source:                 State_Machine_Game_Inst/Count_And_Toggle_Inst/r_Count_reg[10]/C
                            (rising edge-triggered cell FDRE clocked by sys_clk_pin  {rise@0.000ns fall@5.000ns period=10.000ns})
  Destination:            State_Machine_Game_Inst/Count_And_Toggle_Inst/r_Count_reg[16]/R
                            (rising edge-triggered cell FDRE clocked by sys_clk_pin  {rise@0.000ns fall@5.000ns period=10.000ns})
  Path Group:             sys_clk_pin
  Path Type:              Setup (Max at Slow Process Corner)
  Requirement:            10.000ns  (sys_clk_pin rise@10.000ns - sys_clk_pin rise@0.000ns)
  Data Path Delay:        4.412ns  (logic 0.952ns (21.578%)  route 3.460ns (78.422%))
  Logic Levels:           4  (LUT4=2 LUT5=2)
  Clock Path Skew:        -0.022ns (DCD - SCD + CPR)
    Destination Clock Delay (DCD):    4.855ns = ( 14.855 - 10.000 ) 
    Source Clock Delay      (SCD):    5.151ns
    Clock Pessimism Removal (CPR):    0.274ns
  Clock Uncertainty:      0.035ns  ((TSJ^2 + TIJ^2)^1/2 + DJ) / 2 + PE
    Total System Jitter     (TSJ):    0.071ns
    Total Input Jitter      (TIJ):    0.000ns
    Discrete Jitter          (DJ):    0.000ns
    Phase Error              (PE):    0.000ns

    Location             Delay type                Incr(ns)  Path(ns)    Netlist Resource(s)
  -------------------------------------------------------------------    -------------------
                         (clock sys_clk_pin rise edge)
                                                      0.000     0.000 r  
    W5                                                0.000     0.000 r  i_Clk (IN)
                         net (fo=0)                   0.000     0.000    i_Clk
    W5                   IBUF (Prop_ibuf_I_O)         1.458     1.458 r  i_Clk_IBUF_inst/O
                         net (fo=1, routed)           1.967     3.425    i_Clk_IBUF
    BUFGCTRL_X0Y0        BUFG (Prop_bufg_I_O)         0.096     3.521 r  i_Clk_IBUF_BUFG_inst/O
                         net (fo=203, routed)         1.630     5.151    State_Machine_Game_Inst/Count_And_Toggle_Inst/i_Clk_IBUF_BUFG
    SLICE_X3Y33          FDRE                                         r  State_Machine_Game_Inst/Count_And_Toggle_Inst/r_Count_reg[10]/C
  -------------------------------------------------------------------    -------------------
    SLICE_X3Y33          FDRE (Prop_fdre_C_Q)         0.456     5.607 f  State_Machine_Game_Inst/Count_And_Toggle_Inst/r_Count_reg[10]/Q
                         net (fo=2, routed)           0.862     6.469    State_Machine_Game_Inst/Count_And_Toggle_Inst/r_Count_reg[10]
    SLICE_X2Y33          LUT4 (Prop_lut4_I0_O)        0.124     6.593 r  State_Machine_Game_Inst/Count_And_Toggle_Inst/r_Count[0]_i_9/O
                         net (fo=1, routed)           0.417     7.011    State_Machine_Game_Inst/Count_And_Toggle_Inst/r_Count[0]_i_9_n_0
    SLICE_X2Y34          LUT5 (Prop_lut5_I4_O)        0.124     7.135 r  State_Machine_Game_Inst/Count_And_Toggle_Inst/r_Count[0]_i_6__4/O
                         net (fo=1, routed)           0.582     7.717    State_Machine_Game_Inst/Count_And_Toggle_Inst/r_Count[0]_i_6__4_n_0
    SLICE_X4Y31          LUT5 (Prop_lut5_I4_O)        0.124     7.841 r  State_Machine_Game_Inst/Count_And_Toggle_Inst/r_Count[0]_i_3__4/O
                         net (fo=2, routed)           0.577     8.418    State_Machine_Game_Inst/Count_And_Toggle_Inst/o_Toggle
    SLICE_X6Y28          LUT4 (Prop_lut4_I3_O)        0.124     8.542 r  State_Machine_Game_Inst/Count_And_Toggle_Inst/r_Count[0]_i_1__4/O
                         net (fo=25, routed)          1.021     9.563    State_Machine_Game_Inst/Count_And_Toggle_Inst/r_Count[0]_i_1__4_n_0
    SLICE_X3Y35          FDRE                                         r  State_Machine_Game_Inst/Count_And_Toggle_Inst/r_Count_reg[16]/R
  -------------------------------------------------------------------    -------------------

                         (clock sys_clk_pin rise edge)
                                                     10.000    10.000 r  
    W5                                                0.000    10.000 r  i_Clk (IN)
                         net (fo=0)                   0.000    10.000    i_Clk
    W5                   IBUF (Prop_ibuf_I_O)         1.388    11.388 r  i_Clk_IBUF_inst/O
                         net (fo=1, routed)           1.862    13.250    i_Clk_IBUF
    BUFGCTRL_X0Y0        BUFG (Prop_bufg_I_O)         0.091    13.341 r  i_Clk_IBUF_BUFG_inst/O
                         net (fo=203, routed)         1.514    14.855    State_Machine_Game_Inst/Count_And_Toggle_Inst/i_Clk_IBUF_BUFG
    SLICE_X3Y35          FDRE                                         r  State_Machine_Game_Inst/Count_And_Toggle_Inst/r_Count_reg[16]/C
                         clock pessimism              0.274    15.129    
                         clock uncertainty           -0.035    15.094    
    SLICE_X3Y35          FDRE (Setup_fdre_C_R)       -0.429    14.665    State_Machine_Game_Inst/Count_And_Toggle_Inst/r_Count_reg[16]
  -------------------------------------------------------------------
                         required time                         14.665    
                         arrival time                          -9.563    
  -------------------------------------------------------------------
                         slack                                  5.102    

Slack (MET) :             5.102ns  (required time - arrival time)
  Source:                 State_Machine_Game_Inst/Count_And_Toggle_Inst/r_Count_reg[10]/C
                            (rising edge-triggered cell FDRE clocked by sys_clk_pin  {rise@0.000ns fall@5.000ns period=10.000ns})
  Destination:            State_Machine_Game_Inst/Count_And_Toggle_Inst/r_Count_reg[17]/R
                            (rising edge-triggered cell FDRE clocked by sys_clk_pin  {rise@0.000ns fall@5.000ns period=10.000ns})
  Path Group:             sys_clk_pin
  Path Type:              Setup (Max at Slow Process Corner)
  Requirement:            10.000ns  (sys_clk_pin rise@10.000ns - sys_clk_pin rise@0.000ns)
  Data Path Delay:        4.412ns  (logic 0.952ns (21.578%)  route 3.460ns (78.422%))
  Logic Levels:           4  (LUT4=2 LUT5=2)
  Clock Path Skew:        -0.022ns (DCD - SCD + CPR)
    Destination Clock Delay (DCD):    4.855ns = ( 14.855 - 10.000 ) 
    Source Clock Delay      (SCD):    5.151ns
    Clock Pessimism Removal (CPR):    0.274ns
  Clock Uncertainty:      0.035ns  ((TSJ^2 + TIJ^2)^1/2 + DJ) / 2 + PE
    Total System Jitter     (TSJ):    0.071ns
    Total Input Jitter      (TIJ):    0.000ns
    Discrete Jitter          (DJ):    0.000ns
    Phase Error              (PE):    0.000ns

    Location             Delay type                Incr(ns)  Path(ns)    Netlist Resource(s)
  -------------------------------------------------------------------    -------------------
                         (clock sys_clk_pin rise edge)
                                                      0.000     0.000 r  
    W5                                                0.000     0.000 r  i_Clk (IN)
                         net (fo=0)                   0.000     0.000    i_Clk
    W5                   IBUF (Prop_ibuf_I_O)         1.458     1.458 r  i_Clk_IBUF_inst/O
                         net (fo=1, routed)           1.967     3.425    i_Clk_IBUF
    BUFGCTRL_X0Y0        BUFG (Prop_bufg_I_O)         0.096     3.521 r  i_Clk_IBUF_BUFG_inst/O
                         net (fo=203, routed)         1.630     5.151    State_Machine_Game_Inst/Count_And_Toggle_Inst/i_Clk_IBUF_BUFG
    SLICE_X3Y33          FDRE                                         r  State_Machine_Game_Inst/Count_And_Toggle_Inst/r_Count_reg[10]/C
  -------------------------------------------------------------------    -------------------
    SLICE_X3Y33          FDRE (Prop_fdre_C_Q)         0.456     5.607 f  State_Machine_Game_Inst/Count_And_Toggle_Inst/r_Count_reg[10]/Q
                         net (fo=2, routed)           0.862     6.469    State_Machine_Game_Inst/Count_And_Toggle_Inst/r_Count_reg[10]
    SLICE_X2Y33          LUT4 (Prop_lut4_I0_O)        0.124     6.593 r  State_Machine_Game_Inst/Count_And_Toggle_Inst/r_Count[0]_i_9/O
                         net (fo=1, routed)           0.417     7.011    State_Machine_Game_Inst/Count_And_Toggle_Inst/r_Count[0]_i_9_n_0
    SLICE_X2Y34          LUT5 (Prop_lut5_I4_O)        0.124     7.135 r  State_Machine_Game_Inst/Count_And_Toggle_Inst/r_Count[0]_i_6__4/O
                         net (fo=1, routed)           0.582     7.717    State_Machine_Game_Inst/Count_And_Toggle_Inst/r_Count[0]_i_6__4_n_0
    SLICE_X4Y31          LUT5 (Prop_lut5_I4_O)        0.124     7.841 r  State_Machine_Game_Inst/Count_And_Toggle_Inst/r_Count[0]_i_3__4/O
                         net (fo=2, routed)           0.577     8.418    State_Machine_Game_Inst/Count_And_Toggle_Inst/o_Toggle
    SLICE_X6Y28          LUT4 (Prop_lut4_I3_O)        0.124     8.542 r  State_Machine_Game_Inst/Count_And_Toggle_Inst/r_Count[0]_i_1__4/O
                         net (fo=25, routed)          1.021     9.563    State_Machine_Game_Inst/Count_And_Toggle_Inst/r_Count[0]_i_1__4_n_0
    SLICE_X3Y35          FDRE                                         r  State_Machine_Game_Inst/Count_And_Toggle_Inst/r_Count_reg[17]/R
  -------------------------------------------------------------------    -------------------

                         (clock sys_clk_pin rise edge)
                                                     10.000    10.000 r  
    W5                                                0.000    10.000 r  i_Clk (IN)
                         net (fo=0)                   0.000    10.000    i_Clk
    W5                   IBUF (Prop_ibuf_I_O)         1.388    11.388 r  i_Clk_IBUF_inst/O
                         net (fo=1, routed)           1.862    13.250    i_Clk_IBUF
    BUFGCTRL_X0Y0        BUFG (Prop_bufg_I_O)         0.091    13.341 r  i_Clk_IBUF_BUFG_inst/O
                         net (fo=203, routed)         1.514    14.855    State_Machine_Game_Inst/Count_And_Toggle_Inst/i_Clk_IBUF_BUFG
    SLICE_X3Y35          FDRE                                         r  State_Machine_Game_Inst/Count_And_Toggle_Inst/r_Count_reg[17]/C
                         clock pessimism              0.274    15.129    
                         clock uncertainty           -0.035    15.094    
    SLICE_X3Y35          FDRE (Setup_fdre_C_R)       -0.429    14.665    State_Machine_Game_Inst/Count_And_Toggle_Inst/r_Count_reg[17]
  -------------------------------------------------------------------
                         required time                         14.665    
                         arrival time                          -9.563    
  -------------------------------------------------------------------
                         slack                                  5.102    





Min Delay Paths
--------------------------------------------------------------------------------------
Slack (MET) :             0.118ns  (arrival time - required time)
  Source:                 State_Machine_Game_Inst/LFSR_Inst/r_LFSR_reg[12]/C
                            (rising edge-triggered cell FDRE clocked by sys_clk_pin  {rise@0.000ns fall@5.000ns period=10.000ns})
  Destination:            State_Machine_Game_Inst/GEN_PATTERN[5].r_Pattern_reg[5][1]/D
                            (rising edge-triggered cell FDRE clocked by sys_clk_pin  {rise@0.000ns fall@5.000ns period=10.000ns})
  Path Group:             sys_clk_pin
  Path Type:              Hold (Min at Fast Process Corner)
  Requirement:            0.000ns  (sys_clk_pin rise@0.000ns - sys_clk_pin rise@0.000ns)
  Data Path Delay:        0.207ns  (logic 0.141ns (68.037%)  route 0.066ns (31.963%))
  Logic Levels:           0  
  Clock Path Skew:        0.013ns (DCD - SCD - CPR)
    Destination Clock Delay (DCD):    1.954ns
    Source Clock Delay      (SCD):    1.442ns
    Clock Pessimism Removal (CPR):    0.499ns

    Location             Delay type                Incr(ns)  Path(ns)    Netlist Resource(s)
  -------------------------------------------------------------------    -------------------
                         (clock sys_clk_pin rise edge)
                                                      0.000     0.000 r  
    W5                                                0.000     0.000 r  i_Clk (IN)
                         net (fo=0)                   0.000     0.000    i_Clk
    W5                   IBUF (Prop_ibuf_I_O)         0.226     0.226 r  i_Clk_IBUF_inst/O
                         net (fo=1, routed)           0.631     0.858    i_Clk_IBUF
    BUFGCTRL_X0Y0        BUFG (Prop_bufg_I_O)         0.026     0.884 r  i_Clk_IBUF_BUFG_inst/O
                         net (fo=203, routed)         0.559     1.442    State_Machine_Game_Inst/LFSR_Inst/i_Clk_IBUF_BUFG
    SLICE_X9Y31          FDRE                                         r  State_Machine_Game_Inst/LFSR_Inst/r_LFSR_reg[12]/C
  -------------------------------------------------------------------    -------------------
    SLICE_X9Y31          FDRE (Prop_fdre_C_Q)         0.141     1.583 r  State_Machine_Game_Inst/LFSR_Inst/r_LFSR_reg[12]/Q
                         net (fo=2, routed)           0.066     1.649    State_Machine_Game_Inst/LFSR_Inst_n_6
    SLICE_X8Y31          FDRE                                         r  State_Machine_Game_Inst/GEN_PATTERN[5].r_Pattern_reg[5][1]/D
  -------------------------------------------------------------------    -------------------

                         (clock sys_clk_pin rise edge)
                                                      0.000     0.000 r  
    W5                                                0.000     0.000 r  i_Clk (IN)
                         net (fo=0)                   0.000     0.000    i_Clk
    W5                   IBUF (Prop_ibuf_I_O)         0.414     0.414 r  i_Clk_IBUF_inst/O
                         net (fo=1, routed)           0.685     1.099    i_Clk_IBUF
    BUFGCTRL_X0Y0        BUFG (Prop_bufg_I_O)         0.029     1.128 r  i_Clk_IBUF_BUFG_inst/O
                         net (fo=203, routed)         0.827     1.954    State_Machine_Game_Inst/i_Clk_IBUF_BUFG
    SLICE_X8Y31          FDRE                                         r  State_Machine_Game_Inst/GEN_PATTERN[5].r_Pattern_reg[5][1]/C
                         clock pessimism             -0.499     1.455    
    SLICE_X8Y31          FDRE (Hold_fdre_C_D)         0.076     1.531    State_Machine_Game_Inst/GEN_PATTERN[5].r_Pattern_reg[5][1]
  -------------------------------------------------------------------
                         required time                         -1.531    
                         arrival time                           1.649    
  -------------------------------------------------------------------
                         slack                                  0.118    

Slack (MET) :             0.118ns  (arrival time - required time)
  Source:                 State_Machine_Game_Inst/LFSR_Inst/r_LFSR_reg[3]/C
                            (rising edge-triggered cell FDRE clocked by sys_clk_pin  {rise@0.000ns fall@5.000ns period=10.000ns})
  Destination:            State_Machine_Game_Inst/GEN_PATTERN[1].r_Pattern_reg[1][0]/D
                            (rising edge-triggered cell FDRE clocked by sys_clk_pin  {rise@0.000ns fall@5.000ns period=10.000ns})
  Path Group:             sys_clk_pin
  Path Type:              Hold (Min at Fast Process Corner)
  Requirement:            0.000ns  (sys_clk_pin rise@0.000ns - sys_clk_pin rise@0.000ns)
  Data Path Delay:        0.207ns  (logic 0.141ns (68.017%)  route 0.066ns (31.983%))
  Logic Levels:           0  
  Clock Path Skew:        0.013ns (DCD - SCD - CPR)
    Destination Clock Delay (DCD):    1.954ns
    Source Clock Delay      (SCD):    1.442ns
    Clock Pessimism Removal (CPR):    0.499ns

    Location             Delay type                Incr(ns)  Path(ns)    Netlist Resource(s)
  -------------------------------------------------------------------    -------------------
                         (clock sys_clk_pin rise edge)
                                                      0.000     0.000 r  
    W5                                                0.000     0.000 r  i_Clk (IN)
                         net (fo=0)                   0.000     0.000    i_Clk
    W5                   IBUF (Prop_ibuf_I_O)         0.226     0.226 r  i_Clk_IBUF_inst/O
                         net (fo=1, routed)           0.631     0.858    i_Clk_IBUF
    BUFGCTRL_X0Y0        BUFG (Prop_bufg_I_O)         0.026     0.884 r  i_Clk_IBUF_BUFG_inst/O
                         net (fo=203, routed)         0.559     1.442    State_Machine_Game_Inst/LFSR_Inst/i_Clk_IBUF_BUFG
    SLICE_X11Y31         FDRE                                         r  State_Machine_Game_Inst/LFSR_Inst/r_LFSR_reg[3]/C
  -------------------------------------------------------------------    -------------------
    SLICE_X11Y31         FDRE (Prop_fdre_C_Q)         0.141     1.583 r  State_Machine_Game_Inst/LFSR_Inst/r_LFSR_reg[3]/Q
                         net (fo=2, routed)           0.066     1.649    State_Machine_Game_Inst/LFSR_Inst_n_15
    SLICE_X10Y31         FDRE                                         r  State_Machine_Game_Inst/GEN_PATTERN[1].r_Pattern_reg[1][0]/D
  -------------------------------------------------------------------    -------------------

                         (clock sys_clk_pin rise edge)
                                                      0.000     0.000 r  
    W5                                                0.000     0.000 r  i_Clk (IN)
                         net (fo=0)                   0.000     0.000    i_Clk
    W5                   IBUF (Prop_ibuf_I_O)         0.414     0.414 r  i_Clk_IBUF_inst/O
                         net (fo=1, routed)           0.685     1.099    i_Clk_IBUF
    BUFGCTRL_X0Y0        BUFG (Prop_bufg_I_O)         0.029     1.128 r  i_Clk_IBUF_BUFG_inst/O
                         net (fo=203, routed)         0.827     1.954    State_Machine_Game_Inst/i_Clk_IBUF_BUFG
    SLICE_X10Y31         FDRE                                         r  State_Machine_Game_Inst/GEN_PATTERN[1].r_Pattern_reg[1][0]/C
                         clock pessimism             -0.499     1.455    
    SLICE_X10Y31         FDRE (Hold_fdre_C_D)         0.076     1.531    State_Machine_Game_Inst/GEN_PATTERN[1].r_Pattern_reg[1][0]
  -------------------------------------------------------------------
                         required time                         -1.531    
                         arrival time                           1.649    
  -------------------------------------------------------------------
                         slack                                  0.118    

Slack (MET) :             0.173ns  (arrival time - required time)
  Source:                 State_Machine_Game_Inst/LFSR_Inst/r_LFSR_reg[1]/C
                            (rising edge-triggered cell FDRE clocked by sys_clk_pin  {rise@0.000ns fall@5.000ns period=10.000ns})
  Destination:            State_Machine_Game_Inst/GEN_PATTERN[0].r_Pattern_reg[0][0]/D
                            (rising edge-triggered cell FDRE clocked by sys_clk_pin  {rise@0.000ns fall@5.000ns period=10.000ns})
  Path Group:             sys_clk_pin
  Path Type:              Hold (Min at Fast Process Corner)
  Requirement:            0.000ns  (sys_clk_pin rise@0.000ns - sys_clk_pin rise@0.000ns)
  Data Path Delay:        0.265ns  (logic 0.141ns (53.170%)  route 0.124ns (46.830%))
  Logic Levels:           0  
  Clock Path Skew:        0.033ns (DCD - SCD - CPR)
    Destination Clock Delay (DCD):    1.953ns
    Source Clock Delay      (SCD):    1.442ns
    Clock Pessimism Removal (CPR):    0.478ns

    Location             Delay type                Incr(ns)  Path(ns)    Netlist Resource(s)
  -------------------------------------------------------------------    -------------------
                         (clock sys_clk_pin rise edge)
                                                      0.000     0.000 r  
    W5                                                0.000     0.000 r  i_Clk (IN)
                         net (fo=0)                   0.000     0.000    i_Clk
    W5                   IBUF (Prop_ibuf_I_O)         0.226     0.226 r  i_Clk_IBUF_inst/O
                         net (fo=1, routed)           0.631     0.858    i_Clk_IBUF
    BUFGCTRL_X0Y0        BUFG (Prop_bufg_I_O)         0.026     0.884 r  i_Clk_IBUF_BUFG_inst/O
                         net (fo=203, routed)         0.559     1.442    State_Machine_Game_Inst/LFSR_Inst/i_Clk_IBUF_BUFG
    SLICE_X9Y31          FDRE                                         r  State_Machine_Game_Inst/LFSR_Inst/r_LFSR_reg[1]/C
  -------------------------------------------------------------------    -------------------
    SLICE_X9Y31          FDRE (Prop_fdre_C_Q)         0.141     1.583 r  State_Machine_Game_Inst/LFSR_Inst/r_LFSR_reg[1]/Q
                         net (fo=2, routed)           0.124     1.707    State_Machine_Game_Inst/LFSR_Inst_n_17
    SLICE_X10Y30         FDRE                                         r  State_Machine_Game_Inst/GEN_PATTERN[0].r_Pattern_reg[0][0]/D
  -------------------------------------------------------------------    -------------------

                         (clock sys_clk_pin rise edge)
                                                      0.000     0.000 r  
    W5                                                0.000     0.000 r  i_Clk (IN)
                         net (fo=0)                   0.000     0.000    i_Clk
    W5                   IBUF (Prop_ibuf_I_O)         0.414     0.414 r  i_Clk_IBUF_inst/O
                         net (fo=1, routed)           0.685     1.099    i_Clk_IBUF
    BUFGCTRL_X0Y0        BUFG (Prop_bufg_I_O)         0.029     1.128 r  i_Clk_IBUF_BUFG_inst/O
                         net (fo=203, routed)         0.826     1.953    State_Machine_Game_Inst/i_Clk_IBUF_BUFG
    SLICE_X10Y30         FDRE                                         r  State_Machine_Game_Inst/GEN_PATTERN[0].r_Pattern_reg[0][0]/C
                         clock pessimism             -0.478     1.475    
    SLICE_X10Y30         FDRE (Hold_fdre_C_D)         0.059     1.534    State_Machine_Game_Inst/GEN_PATTERN[0].r_Pattern_reg[0][0]
  -------------------------------------------------------------------
                         required time                         -1.534    
                         arrival time                           1.707    
  -------------------------------------------------------------------
                         slack                                  0.173    

Slack (MET) :             0.179ns  (arrival time - required time)
  Source:                 State_Machine_Game_Inst/LFSR_Inst/r_LFSR_reg[4]/C
                            (rising edge-triggered cell FDRE clocked by sys_clk_pin  {rise@0.000ns fall@5.000ns period=10.000ns})
  Destination:            State_Machine_Game_Inst/GEN_PATTERN[1].r_Pattern_reg[1][1]/D
                            (rising edge-triggered cell FDRE clocked by sys_clk_pin  {rise@0.000ns fall@5.000ns period=10.000ns})
  Path Group:             sys_clk_pin
  Path Type:              Hold (Min at Fast Process Corner)
  Requirement:            0.000ns  (sys_clk_pin rise@0.000ns - sys_clk_pin rise@0.000ns)
  Data Path Delay:        0.268ns  (logic 0.141ns (52.695%)  route 0.127ns (47.305%))
  Logic Levels:           0  
  Clock Path Skew:        0.013ns (DCD - SCD - CPR)
    Destination Clock Delay (DCD):    1.954ns
    Source Clock Delay      (SCD):    1.442ns
    Clock Pessimism Removal (CPR):    0.499ns

    Location             Delay type                Incr(ns)  Path(ns)    Netlist Resource(s)
  -------------------------------------------------------------------    -------------------
                         (clock sys_clk_pin rise edge)
                                                      0.000     0.000 r  
    W5                                                0.000     0.000 r  i_Clk (IN)
                         net (fo=0)                   0.000     0.000    i_Clk
    W5                   IBUF (Prop_ibuf_I_O)         0.226     0.226 r  i_Clk_IBUF_inst/O
                         net (fo=1, routed)           0.631     0.858    i_Clk_IBUF
    BUFGCTRL_X0Y0        BUFG (Prop_bufg_I_O)         0.026     0.884 r  i_Clk_IBUF_BUFG_inst/O
                         net (fo=203, routed)         0.559     1.442    State_Machine_Game_Inst/LFSR_Inst/i_Clk_IBUF_BUFG
    SLICE_X11Y31         FDRE                                         r  State_Machine_Game_Inst/LFSR_Inst/r_LFSR_reg[4]/C
  -------------------------------------------------------------------    -------------------
    SLICE_X11Y31         FDRE (Prop_fdre_C_Q)         0.141     1.583 r  State_Machine_Game_Inst/LFSR_Inst/r_LFSR_reg[4]/Q
                         net (fo=2, routed)           0.127     1.710    State_Machine_Game_Inst/LFSR_Inst_n_14
    SLICE_X10Y31         FDRE                                         r  State_Machine_Game_Inst/GEN_PATTERN[1].r_Pattern_reg[1][1]/D
  -------------------------------------------------------------------    -------------------

                         (clock sys_clk_pin rise edge)
                                                      0.000     0.000 r  
    W5                                                0.000     0.000 r  i_Clk (IN)
                         net (fo=0)                   0.000     0.000    i_Clk
    W5                   IBUF (Prop_ibuf_I_O)         0.414     0.414 r  i_Clk_IBUF_inst/O
                         net (fo=1, routed)           0.685     1.099    i_Clk_IBUF
    BUFGCTRL_X0Y0        BUFG (Prop_bufg_I_O)         0.029     1.128 r  i_Clk_IBUF_BUFG_inst/O
                         net (fo=203, routed)         0.827     1.954    State_Machine_Game_Inst/i_Clk_IBUF_BUFG
    SLICE_X10Y31         FDRE                                         r  State_Machine_Game_Inst/GEN_PATTERN[1].r_Pattern_reg[1][1]/C
                         clock pessimism             -0.499     1.455    
    SLICE_X10Y31         FDRE (Hold_fdre_C_D)         0.076     1.531    State_Machine_Game_Inst/GEN_PATTERN[1].r_Pattern_reg[1][1]
  -------------------------------------------------------------------
                         required time                         -1.531    
                         arrival time                           1.710    
  -------------------------------------------------------------------
                         slack                                  0.179    

Slack (MET) :             0.180ns  (arrival time - required time)
  Source:                 Debounce_S1_Inst/r_Bouncy_Sync1_reg/C
                            (rising edge-triggered cell FDRE clocked by sys_clk_pin  {rise@0.000ns fall@5.000ns period=10.000ns})
  Destination:            Debounce_S1_Inst/r_Bouncy_Sync2_reg/D
                            (rising edge-triggered cell FDRE clocked by sys_clk_pin  {rise@0.000ns fall@5.000ns period=10.000ns})
  Path Group:             sys_clk_pin
  Path Type:              Hold (Min at Fast Process Corner)
  Requirement:            0.000ns  (sys_clk_pin rise@0.000ns - sys_clk_pin rise@0.000ns)
  Data Path Delay:        0.262ns  (logic 0.141ns (53.727%)  route 0.121ns (46.273%))
  Logic Levels:           0  
  Clock Path Skew:        0.012ns (DCD - SCD - CPR)
    Destination Clock Delay (DCD):    1.975ns
    Source Clock Delay      (SCD):    1.464ns
    Clock Pessimism Removal (CPR):    0.499ns

    Location             Delay type                Incr(ns)  Path(ns)    Netlist Resource(s)
  -------------------------------------------------------------------    -------------------
                         (clock sys_clk_pin rise edge)
                                                      0.000     0.000 r  
    W5                                                0.000     0.000 r  i_Clk (IN)
                         net (fo=0)                   0.000     0.000    i_Clk
    W5                   IBUF (Prop_ibuf_I_O)         0.226     0.226 r  i_Clk_IBUF_inst/O
                         net (fo=1, routed)           0.631     0.858    i_Clk_IBUF
    BUFGCTRL_X0Y0        BUFG (Prop_bufg_I_O)         0.026     0.884 r  i_Clk_IBUF_BUFG_inst/O
                         net (fo=203, routed)         0.581     1.464    Debounce_S1_Inst/i_Clk_IBUF_BUFG
    SLICE_X4Y23          FDRE                                         r  Debounce_S1_Inst/r_Bouncy_Sync1_reg/C
  -------------------------------------------------------------------    -------------------
    SLICE_X4Y23          FDRE (Prop_fdre_C_Q)         0.141     1.605 r  Debounce_S1_Inst/r_Bouncy_Sync1_reg/Q
                         net (fo=1, routed)           0.121     1.727    Debounce_S1_Inst/r_Bouncy_Sync1_reg_n_0
    SLICE_X4Y24          FDRE                                         r  Debounce_S1_Inst/r_Bouncy_Sync2_reg/D
  -------------------------------------------------------------------    -------------------

                         (clock sys_clk_pin rise edge)
                                                      0.000     0.000 r  
    W5                                                0.000     0.000 r  i_Clk (IN)
                         net (fo=0)                   0.000     0.000    i_Clk
    W5                   IBUF (Prop_ibuf_I_O)         0.414     0.414 r  i_Clk_IBUF_inst/O
                         net (fo=1, routed)           0.685     1.099    i_Clk_IBUF
    BUFGCTRL_X0Y0        BUFG (Prop_bufg_I_O)         0.029     1.128 r  i_Clk_IBUF_BUFG_inst/O
                         net (fo=203, routed)         0.848     1.975    Debounce_S1_Inst/i_Clk_IBUF_BUFG
    SLICE_X4Y24          FDRE                                         r  Debounce_S1_Inst/r_Bouncy_Sync2_reg/C
                         clock pessimism             -0.499     1.476    
    SLICE_X4Y24          FDRE (Hold_fdre_C_D)         0.070     1.546    Debounce_S1_Inst/r_Bouncy_Sync2_reg
  -------------------------------------------------------------------
                         required time                         -1.546    
                         arrival time                           1.727    
  -------------------------------------------------------------------
                         slack                                  0.180    

Slack (MET) :             0.192ns  (arrival time - required time)
  Source:                 State_Machine_Game_Inst/LFSR_Inst/r_LFSR_reg[18]/C
                            (rising edge-triggered cell FDRE clocked by sys_clk_pin  {rise@0.000ns fall@5.000ns period=10.000ns})
  Destination:            State_Machine_Game_Inst/GEN_PATTERN[8].r_Pattern_reg[8][1]/D
                            (rising edge-triggered cell FDRE clocked by sys_clk_pin  {rise@0.000ns fall@5.000ns period=10.000ns})
  Path Group:             sys_clk_pin
  Path Type:              Hold (Min at Fast Process Corner)
  Requirement:            0.000ns  (sys_clk_pin rise@0.000ns - sys_clk_pin rise@0.000ns)
  Data Path Delay:        0.269ns  (logic 0.141ns (52.485%)  route 0.128ns (47.515%))
  Logic Levels:           0  
  Clock Path Skew:        0.013ns (DCD - SCD - CPR)
    Destination Clock Delay (DCD):    1.954ns
    Source Clock Delay      (SCD):    1.442ns
    Clock Pessimism Removal (CPR):    0.499ns

    Location             Delay type                Incr(ns)  Path(ns)    Netlist Resource(s)
  -------------------------------------------------------------------    -------------------
                         (clock sys_clk_pin rise edge)
                                                      0.000     0.000 r  
    W5                                                0.000     0.000 r  i_Clk (IN)
                         net (fo=0)                   0.000     0.000    i_Clk
    W5                   IBUF (Prop_ibuf_I_O)         0.226     0.226 r  i_Clk_IBUF_inst/O
                         net (fo=1, routed)           0.631     0.858    i_Clk_IBUF
    BUFGCTRL_X0Y0        BUFG (Prop_bufg_I_O)         0.026     0.884 r  i_Clk_IBUF_BUFG_inst/O
                         net (fo=203, routed)         0.559     1.442    State_Machine_Game_Inst/LFSR_Inst/i_Clk_IBUF_BUFG
    SLICE_X9Y31          FDRE                                         r  State_Machine_Game_Inst/LFSR_Inst/r_LFSR_reg[18]/C
  -------------------------------------------------------------------    -------------------
    SLICE_X9Y31          FDRE (Prop_fdre_C_Q)         0.141     1.583 r  State_Machine_Game_Inst/LFSR_Inst/r_LFSR_reg[18]/Q
                         net (fo=2, routed)           0.128     1.711    State_Machine_Game_Inst/p_0_in[1]
    SLICE_X8Y31          FDRE                                         r  State_Machine_Game_Inst/GEN_PATTERN[8].r_Pattern_reg[8][1]/D
  -------------------------------------------------------------------    -------------------

                         (clock sys_clk_pin rise edge)
                                                      0.000     0.000 r  
    W5                                                0.000     0.000 r  i_Clk (IN)
                         net (fo=0)                   0.000     0.000    i_Clk
    W5                   IBUF (Prop_ibuf_I_O)         0.414     0.414 r  i_Clk_IBUF_inst/O
                         net (fo=1, routed)           0.685     1.099    i_Clk_IBUF
    BUFGCTRL_X0Y0        BUFG (Prop_bufg_I_O)         0.029     1.128 r  i_Clk_IBUF_BUFG_inst/O
                         net (fo=203, routed)         0.827     1.954    State_Machine_Game_Inst/i_Clk_IBUF_BUFG
    SLICE_X8Y31          FDRE                                         r  State_Machine_Game_Inst/GEN_PATTERN[8].r_Pattern_reg[8][1]/C
                         clock pessimism             -0.499     1.455    
    SLICE_X8Y31          FDRE (Hold_fdre_C_D)         0.064     1.519    State_Machine_Game_Inst/GEN_PATTERN[8].r_Pattern_reg[8][1]
  -------------------------------------------------------------------
                         required time                         -1.519    
                         arrival time                           1.711    
  -------------------------------------------------------------------
                         slack                                  0.192    

Slack (MET) :             0.201ns  (arrival time - required time)
  Source:                 State_Machine_Game_Inst/LFSR_Inst/r_LFSR_reg[15]/C
                            (rising edge-triggered cell FDRE clocked by sys_clk_pin  {rise@0.000ns fall@5.000ns period=10.000ns})
  Destination:            State_Machine_Game_Inst/GEN_PATTERN[7].r_Pattern_reg[7][0]/D
                            (rising edge-triggered cell FDRE clocked by sys_clk_pin  {rise@0.000ns fall@5.000ns period=10.000ns})
  Path Group:             sys_clk_pin
  Path Type:              Hold (Min at Fast Process Corner)
  Requirement:            0.000ns  (sys_clk_pin rise@0.000ns - sys_clk_pin rise@0.000ns)
  Data Path Delay:        0.280ns  (logic 0.164ns (58.537%)  route 0.116ns (41.463%))
  Logic Levels:           0  
  Clock Path Skew:        0.013ns (DCD - SCD - CPR)
    Destination Clock Delay (DCD):    1.955ns
    Source Clock Delay      (SCD):    1.443ns
    Clock Pessimism Removal (CPR):    0.499ns

    Location             Delay type                Incr(ns)  Path(ns)    Netlist Resource(s)
  -------------------------------------------------------------------    -------------------
                         (clock sys_clk_pin rise edge)
                                                      0.000     0.000 r  
    W5                                                0.000     0.000 r  i_Clk (IN)
                         net (fo=0)                   0.000     0.000    i_Clk
    W5                   IBUF (Prop_ibuf_I_O)         0.226     0.226 r  i_Clk_IBUF_inst/O
                         net (fo=1, routed)           0.631     0.858    i_Clk_IBUF
    BUFGCTRL_X0Y0        BUFG (Prop_bufg_I_O)         0.026     0.884 r  i_Clk_IBUF_BUFG_inst/O
                         net (fo=203, routed)         0.560     1.443    State_Machine_Game_Inst/LFSR_Inst/i_Clk_IBUF_BUFG
    SLICE_X8Y32          FDRE                                         r  State_Machine_Game_Inst/LFSR_Inst/r_LFSR_reg[15]/C
  -------------------------------------------------------------------    -------------------
    SLICE_X8Y32          FDRE (Prop_fdre_C_Q)         0.164     1.607 r  State_Machine_Game_Inst/LFSR_Inst/r_LFSR_reg[15]/Q
                         net (fo=2, routed)           0.116     1.723    State_Machine_Game_Inst/LFSR_Inst_n_3
    SLICE_X9Y32          FDRE                                         r  State_Machine_Game_Inst/GEN_PATTERN[7].r_Pattern_reg[7][0]/D
  -------------------------------------------------------------------    -------------------

                         (clock sys_clk_pin rise edge)
                                                      0.000     0.000 r  
    W5                                                0.000     0.000 r  i_Clk (IN)
                         net (fo=0)                   0.000     0.000    i_Clk
    W5                   IBUF (Prop_ibuf_I_O)         0.414     0.414 r  i_Clk_IBUF_inst/O
                         net (fo=1, routed)           0.685     1.099    i_Clk_IBUF
    BUFGCTRL_X0Y0        BUFG (Prop_bufg_I_O)         0.029     1.128 r  i_Clk_IBUF_BUFG_inst/O
                         net (fo=203, routed)         0.828     1.955    State_Machine_Game_Inst/i_Clk_IBUF_BUFG
    SLICE_X9Y32          FDRE                                         r  State_Machine_Game_Inst/GEN_PATTERN[7].r_Pattern_reg[7][0]/C
                         clock pessimism             -0.499     1.456    
    SLICE_X9Y32          FDRE (Hold_fdre_C_D)         0.066     1.522    State_Machine_Game_Inst/GEN_PATTERN[7].r_Pattern_reg[7][0]
  -------------------------------------------------------------------
                         required time                         -1.522    
                         arrival time                           1.723    
  -------------------------------------------------------------------
                         slack                                  0.201    

Slack (MET) :             0.201ns  (arrival time - required time)
  Source:                 State_Machine_Game_Inst/LFSR_Inst/r_LFSR_reg[10]/C
                            (rising edge-triggered cell FDRE clocked by sys_clk_pin  {rise@0.000ns fall@5.000ns period=10.000ns})
  Destination:            State_Machine_Game_Inst/LFSR_Inst/r_LFSR_reg[11]/D
                            (rising edge-triggered cell FDRE clocked by sys_clk_pin  {rise@0.000ns fall@5.000ns period=10.000ns})
  Path Group:             sys_clk_pin
  Path Type:              Hold (Min at Fast Process Corner)
  Requirement:            0.000ns  (sys_clk_pin rise@0.000ns - sys_clk_pin rise@0.000ns)
  Data Path Delay:        0.310ns  (logic 0.141ns (45.458%)  route 0.169ns (54.542%))
  Logic Levels:           0  
  Clock Path Skew:        0.034ns (DCD - SCD - CPR)
    Destination Clock Delay (DCD):    1.954ns
    Source Clock Delay      (SCD):    1.442ns
    Clock Pessimism Removal (CPR):    0.478ns

    Location             Delay type                Incr(ns)  Path(ns)    Netlist Resource(s)
  -------------------------------------------------------------------    -------------------
                         (clock sys_clk_pin rise edge)
                                                      0.000     0.000 r  
    W5                                                0.000     0.000 r  i_Clk (IN)
                         net (fo=0)                   0.000     0.000    i_Clk
    W5                   IBUF (Prop_ibuf_I_O)         0.226     0.226 r  i_Clk_IBUF_inst/O
                         net (fo=1, routed)           0.631     0.858    i_Clk_IBUF
    BUFGCTRL_X0Y0        BUFG (Prop_bufg_I_O)         0.026     0.884 r  i_Clk_IBUF_BUFG_inst/O
                         net (fo=203, routed)         0.559     1.442    State_Machine_Game_Inst/LFSR_Inst/i_Clk_IBUF_BUFG
    SLICE_X11Y31         FDRE                                         r  State_Machine_Game_Inst/LFSR_Inst/r_LFSR_reg[10]/C
  -------------------------------------------------------------------    -------------------
    SLICE_X11Y31         FDRE (Prop_fdre_C_Q)         0.141     1.583 r  State_Machine_Game_Inst/LFSR_Inst/r_LFSR_reg[10]/Q
                         net (fo=2, routed)           0.169     1.752    State_Machine_Game_Inst/LFSR_Inst/Q[9]
    SLICE_X9Y31          FDRE                                         r  State_Machine_Game_Inst/LFSR_Inst/r_LFSR_reg[11]/D
  -------------------------------------------------------------------    -------------------

                         (clock sys_clk_pin rise edge)
                                                      0.000     0.000 r  
    W5                                                0.000     0.000 r  i_Clk (IN)
                         net (fo=0)                   0.000     0.000    i_Clk
    W5                   IBUF (Prop_ibuf_I_O)         0.414     0.414 r  i_Clk_IBUF_inst/O
                         net (fo=1, routed)           0.685     1.099    i_Clk_IBUF
    BUFGCTRL_X0Y0        BUFG (Prop_bufg_I_O)         0.029     1.128 r  i_Clk_IBUF_BUFG_inst/O
                         net (fo=203, routed)         0.827     1.954    State_Machine_Game_Inst/LFSR_Inst/i_Clk_IBUF_BUFG
    SLICE_X9Y31          FDRE                                         r  State_Machine_Game_Inst/LFSR_Inst/r_LFSR_reg[11]/C
                         clock pessimism             -0.478     1.476    
    SLICE_X9Y31          FDRE (Hold_fdre_C_D)         0.075     1.551    State_Machine_Game_Inst/LFSR_Inst/r_LFSR_reg[11]
  -------------------------------------------------------------------
                         required time                         -1.551    
                         arrival time                           1.752    
  -------------------------------------------------------------------
                         slack                                  0.201    

Slack (MET) :             0.203ns  (arrival time - required time)
  Source:                 Debounce_S2_Inst/r_State_reg/C
                            (rising edge-triggered cell FDRE clocked by sys_clk_pin  {rise@0.000ns fall@5.000ns period=10.000ns})
  Destination:            Debounce_S2_Inst/r_State_d_reg/D
                            (rising edge-triggered cell FDRE clocked by sys_clk_pin  {rise@0.000ns fall@5.000ns period=10.000ns})
  Path Group:             sys_clk_pin
  Path Type:              Hold (Min at Fast Process Corner)
  Requirement:            0.000ns  (sys_clk_pin rise@0.000ns - sys_clk_pin rise@0.000ns)
  Data Path Delay:        0.273ns  (logic 0.141ns (51.694%)  route 0.132ns (48.306%))
  Logic Levels:           0  
  Clock Path Skew:        0.011ns (DCD - SCD - CPR)
    Destination Clock Delay (DCD):    1.976ns
    Source Clock Delay      (SCD):    1.466ns
    Clock Pessimism Removal (CPR):    0.499ns

    Location             Delay type                Incr(ns)  Path(ns)    Netlist Resource(s)
  -------------------------------------------------------------------    -------------------
                         (clock sys_clk_pin rise edge)
                                                      0.000     0.000 r  
    W5                                                0.000     0.000 r  i_Clk (IN)
                         net (fo=0)                   0.000     0.000    i_Clk
    W5                   IBUF (Prop_ibuf_I_O)         0.226     0.226 r  i_Clk_IBUF_inst/O
                         net (fo=1, routed)           0.631     0.858    i_Clk_IBUF
    BUFGCTRL_X0Y0        BUFG (Prop_bufg_I_O)         0.026     0.884 r  i_Clk_IBUF_BUFG_inst/O
                         net (fo=203, routed)         0.583     1.466    Debounce_S2_Inst/i_Clk_IBUF_BUFG
    SLICE_X5Y27          FDRE                                         r  Debounce_S2_Inst/r_State_reg/C
  -------------------------------------------------------------------    -------------------
    SLICE_X5Y27          FDRE (Prop_fdre_C_Q)         0.141     1.607 r  Debounce_S2_Inst/r_State_reg/Q
                         net (fo=6, routed)           0.132     1.739    Debounce_S2_Inst/w_Debounced_S2
    SLICE_X6Y26          FDRE                                         r  Debounce_S2_Inst/r_State_d_reg/D
  -------------------------------------------------------------------    -------------------

                         (clock sys_clk_pin rise edge)
                                                      0.000     0.000 r  
    W5                                                0.000     0.000 r  i_Clk (IN)
                         net (fo=0)                   0.000     0.000    i_Clk
    W5                   IBUF (Prop_ibuf_I_O)         0.414     0.414 r  i_Clk_IBUF_inst/O
                         net (fo=1, routed)           0.685     1.099    i_Clk_IBUF
    BUFGCTRL_X0Y0        BUFG (Prop_bufg_I_O)         0.029     1.128 r  i_Clk_IBUF_BUFG_inst/O
                         net (fo=203, routed)         0.849     1.976    Debounce_S2_Inst/i_Clk_IBUF_BUFG
    SLICE_X6Y26          FDRE                                         r  Debounce_S2_Inst/r_State_d_reg/C
                         clock pessimism             -0.499     1.477    
    SLICE_X6Y26          FDRE (Hold_fdre_C_D)         0.059     1.536    Debounce_S2_Inst/r_State_d_reg
  -------------------------------------------------------------------
                         required time                         -1.536    
                         arrival time                           1.739    
  -------------------------------------------------------------------
                         slack                                  0.203    

Slack (MET) :             0.203ns  (arrival time - required time)
  Source:                 Debounce_Rst_Inst/r_Bouncy_Sync1_reg/C
                            (rising edge-triggered cell FDRE clocked by sys_clk_pin  {rise@0.000ns fall@5.000ns period=10.000ns})
  Destination:            Debounce_Rst_Inst/r_Bouncy_Sync2_reg/D
                            (rising edge-triggered cell FDRE clocked by sys_clk_pin  {rise@0.000ns fall@5.000ns period=10.000ns})
  Path Group:             sys_clk_pin
  Path Type:              Hold (Min at Fast Process Corner)
  Requirement:            0.000ns  (sys_clk_pin rise@0.000ns - sys_clk_pin rise@0.000ns)
  Data Path Delay:        0.276ns  (logic 0.164ns (59.419%)  route 0.112ns (40.581%))
  Logic Levels:           0  
  Clock Path Skew:        0.014ns (DCD - SCD - CPR)
    Destination Clock Delay (DCD):    1.948ns
    Source Clock Delay      (SCD):    1.436ns
    Clock Pessimism Removal (CPR):    0.498ns

    Location             Delay type                Incr(ns)  Path(ns)    Netlist Resource(s)
  -------------------------------------------------------------------    -------------------
                         (clock sys_clk_pin rise edge)
                                                      0.000     0.000 r  
    W5                                                0.000     0.000 r  i_Clk (IN)
                         net (fo=0)                   0.000     0.000    i_Clk
    W5                   IBUF (Prop_ibuf_I_O)         0.226     0.226 r  i_Clk_IBUF_inst/O
                         net (fo=1, routed)           0.631     0.858    i_Clk_IBUF
    BUFGCTRL_X0Y0        BUFG (Prop_bufg_I_O)         0.026     0.884 r  i_Clk_IBUF_BUFG_inst/O
                         net (fo=203, routed)         0.553     1.436    Debounce_Rst_Inst/i_Clk_IBUF_BUFG
    SLICE_X8Y25          FDRE                                         r  Debounce_Rst_Inst/r_Bouncy_Sync1_reg/C
  -------------------------------------------------------------------    -------------------
    SLICE_X8Y25          FDRE (Prop_fdre_C_Q)         0.164     1.600 r  Debounce_Rst_Inst/r_Bouncy_Sync1_reg/Q
                         net (fo=1, routed)           0.112     1.712    Debounce_Rst_Inst/r_Bouncy_Sync1
    SLICE_X8Y26          FDRE                                         r  Debounce_Rst_Inst/r_Bouncy_Sync2_reg/D
  -------------------------------------------------------------------    -------------------

                         (clock sys_clk_pin rise edge)
                                                      0.000     0.000 r  
    W5                                                0.000     0.000 r  i_Clk (IN)
                         net (fo=0)                   0.000     0.000    i_Clk
    W5                   IBUF (Prop_ibuf_I_O)         0.414     0.414 r  i_Clk_IBUF_inst/O
                         net (fo=1, routed)           0.685     1.099    i_Clk_IBUF
    BUFGCTRL_X0Y0        BUFG (Prop_bufg_I_O)         0.029     1.128 r  i_Clk_IBUF_BUFG_inst/O
                         net (fo=203, routed)         0.821     1.948    Debounce_Rst_Inst/i_Clk_IBUF_BUFG
    SLICE_X8Y26          FDRE                                         r  Debounce_Rst_Inst/r_Bouncy_Sync2_reg/C
                         clock pessimism             -0.498     1.450    
    SLICE_X8Y26          FDRE (Hold_fdre_C_D)         0.059     1.509    Debounce_Rst_Inst/r_Bouncy_Sync2_reg
  -------------------------------------------------------------------
                         required time                         -1.509    
                         arrival time                           1.712    
  -------------------------------------------------------------------
                         slack                                  0.203    





Pulse Width Checks
--------------------------------------------------------------------------------------
Clock Name:         sys_clk_pin
Waveform(ns):       { 0.000 5.000 }
Period(ns):         10.000
Sources:            { i_Clk }

Check Type        Corner  Lib Pin  Reference Pin  Required(ns)  Actual(ns)  Slack(ns)  Location       Pin
Min Period        n/a     BUFG/I   n/a            2.155         10.000      7.845      BUFGCTRL_X0Y0  i_Clk_IBUF_BUFG_inst/I
Min Period        n/a     FDRE/C   n/a            1.000         10.000      9.000      SLICE_X8Y25    Debounce_Rst_Inst/r_Bouncy_Sync1_reg/C
Min Period        n/a     FDRE/C   n/a            1.000         10.000      9.000      SLICE_X8Y26    Debounce_Rst_Inst/r_Bouncy_Sync2_reg/C
Min Period        n/a     FDRE/C   n/a            1.000         10.000      9.000      SLICE_X9Y26    Debounce_Rst_Inst/r_Count_reg[0]/C
Min Period        n/a     FDRE/C   n/a            1.000         10.000      9.000      SLICE_X9Y28    Debounce_Rst_Inst/r_Count_reg[10]/C
Min Period        n/a     FDRE/C   n/a            1.000         10.000      9.000      SLICE_X9Y28    Debounce_Rst_Inst/r_Count_reg[11]/C
Min Period        n/a     FDRE/C   n/a            1.000         10.000      9.000      SLICE_X9Y29    Debounce_Rst_Inst/r_Count_reg[12]/C
Min Period        n/a     FDRE/C   n/a            1.000         10.000      9.000      SLICE_X9Y29    Debounce_Rst_Inst/r_Count_reg[13]/C
Min Period        n/a     FDRE/C   n/a            1.000         10.000      9.000      SLICE_X9Y29    Debounce_Rst_Inst/r_Count_reg[14]/C
Min Period        n/a     FDRE/C   n/a            1.000         10.000      9.000      SLICE_X9Y29    Debounce_Rst_Inst/r_Count_reg[15]/C
Low Pulse Width   Slow    FDRE/C   n/a            0.500         5.000       4.500      SLICE_X8Y25    Debounce_Rst_Inst/r_Bouncy_Sync1_reg/C
Low Pulse Width   Fast    FDRE/C   n/a            0.500         5.000       4.500      SLICE_X8Y25    Debounce_Rst_Inst/r_Bouncy_Sync1_reg/C
Low Pulse Width   Slow    FDRE/C   n/a            0.500         5.000       4.500      SLICE_X8Y26    Debounce_Rst_Inst/r_Bouncy_Sync2_reg/C
Low Pulse Width   Fast    FDRE/C   n/a            0.500         5.000       4.500      SLICE_X8Y26    Debounce_Rst_Inst/r_Bouncy_Sync2_reg/C
Low Pulse Width   Slow    FDRE/C   n/a            0.500         5.000       4.500      SLICE_X9Y26    Debounce_Rst_Inst/r_Count_reg[0]/C
Low Pulse Width   Fast    FDRE/C   n/a            0.500         5.000       4.500      SLICE_X9Y26    Debounce_Rst_Inst/r_Count_reg[0]/C
Low Pulse Width   Slow    FDRE/C   n/a            0.500         5.000       4.500      SLICE_X9Y28    Debounce_Rst_Inst/r_Count_reg[10]/C
Low Pulse Width   Fast    FDRE/C   n/a            0.500         5.000       4.500      SLICE_X9Y28    Debounce_Rst_Inst/r_Count_reg[10]/C
Low Pulse Width   Slow    FDRE/C   n/a            0.500         5.000       4.500      SLICE_X9Y28    Debounce_Rst_Inst/r_Count_reg[11]/C
Low Pulse Width   Fast    FDRE/C   n/a            0.500         5.000       4.500      SLICE_X9Y28    Debounce_Rst_Inst/r_Count_reg[11]/C
High Pulse Width  Slow    FDRE/C   n/a            0.500         5.000       4.500      SLICE_X8Y25    Debounce_Rst_Inst/r_Bouncy_Sync1_reg/C
High Pulse Width  Fast    FDRE/C   n/a            0.500         5.000       4.500      SLICE_X8Y25    Debounce_Rst_Inst/r_Bouncy_Sync1_reg/C
High Pulse Width  Slow    FDRE/C   n/a            0.500         5.000       4.500      SLICE_X8Y26    Debounce_Rst_Inst/r_Bouncy_Sync2_reg/C
High Pulse Width  Fast    FDRE/C   n/a            0.500         5.000       4.500      SLICE_X8Y26    Debounce_Rst_Inst/r_Bouncy_Sync2_reg/C
High Pulse Width  Slow    FDRE/C   n/a            0.500         5.000       4.500      SLICE_X9Y26    Debounce_Rst_Inst/r_Count_reg[0]/C
High Pulse Width  Fast    FDRE/C   n/a            0.500         5.000       4.500      SLICE_X9Y26    Debounce_Rst_Inst/r_Count_reg[0]/C
High Pulse Width  Slow    FDRE/C   n/a            0.500         5.000       4.500      SLICE_X9Y28    Debounce_Rst_Inst/r_Count_reg[10]/C
High Pulse Width  Fast    FDRE/C   n/a            0.500         5.000       4.500      SLICE_X9Y28    Debounce_Rst_Inst/r_Count_reg[10]/C
High Pulse Width  Slow    FDRE/C   n/a            0.500         5.000       4.500      SLICE_X9Y28    Debounce_Rst_Inst/r_Count_reg[11]/C
High Pulse Width  Fast    FDRE/C   n/a            0.500         5.000       4.500      SLICE_X9Y28    Debounce_Rst_Inst/r_Count_reg[11]/C



---------------------------------------------------------------------------------------------------
Path Group:  **async_default**
From Clock:  sys_clk_pin
  To Clock:  sys_clk_pin

Setup :            0  Failing Endpoints,  Worst Slack        7.929ns,  Total Violation        0.000ns
Hold  :            0  Failing Endpoints,  Worst Slack        0.823ns,  Total Violation        0.000ns
---------------------------------------------------------------------------------------------------


Max Delay Paths
--------------------------------------------------------------------------------------
Slack (MET) :             7.929ns  (required time - arrival time)
  Source:                 Debounce_Rst_Inst/r_State_reg/C
                            (rising edge-triggered cell FDRE clocked by sys_clk_pin  {rise@0.000ns fall@5.000ns period=10.000ns})
  Destination:            State_Machine_Game_Inst/FSM_sequential_r_Curr_State_reg[0]/CLR
                            (recovery check against rising-edge clock sys_clk_pin  {rise@0.000ns fall@5.000ns period=10.000ns})
  Path Group:             **async_default**
  Path Type:              Recovery (Max at Slow Process Corner)
  Requirement:            10.000ns  (sys_clk_pin rise@10.000ns - sys_clk_pin rise@0.000ns)
  Data Path Delay:        1.657ns  (logic 0.518ns (31.264%)  route 1.139ns (68.736%))
  Logic Levels:           0  
  Clock Path Skew:        0.026ns (DCD - SCD + CPR)
    Destination Clock Delay (DCD):    4.843ns = ( 14.843 - 10.000 ) 
    Source Clock Delay      (SCD):    5.077ns
    Clock Pessimism Removal (CPR):    0.260ns
  Clock Uncertainty:      0.035ns  ((TSJ^2 + TIJ^2)^1/2 + DJ) / 2 + PE
    Total System Jitter     (TSJ):    0.071ns
    Total Input Jitter      (TIJ):    0.000ns
    Discrete Jitter          (DJ):    0.000ns
    Phase Error              (PE):    0.000ns

    Location             Delay type                Incr(ns)  Path(ns)    Netlist Resource(s)
  -------------------------------------------------------------------    -------------------
                         (clock sys_clk_pin rise edge)
                                                      0.000     0.000 r  
    W5                                                0.000     0.000 r  i_Clk (IN)
                         net (fo=0)                   0.000     0.000    i_Clk
    W5                   IBUF (Prop_ibuf_I_O)         1.458     1.458 r  i_Clk_IBUF_inst/O
                         net (fo=1, routed)           1.967     3.425    i_Clk_IBUF
    BUFGCTRL_X0Y0        BUFG (Prop_bufg_I_O)         0.096     3.521 r  i_Clk_IBUF_BUFG_inst/O
                         net (fo=203, routed)         1.556     5.077    Debounce_Rst_Inst/i_Clk_IBUF_BUFG
    SLICE_X8Y29          FDRE                                         r  Debounce_Rst_Inst/r_State_reg/C
  -------------------------------------------------------------------    -------------------
    SLICE_X8Y29          FDRE (Prop_fdre_C_Q)         0.518     5.595 f  Debounce_Rst_Inst/r_State_reg/Q
                         net (fo=15, routed)          1.139     6.734    State_Machine_Game_Inst/w_Debounced_Rst
    SLICE_X7Y26          FDCE                                         f  State_Machine_Game_Inst/FSM_sequential_r_Curr_State_reg[0]/CLR
  -------------------------------------------------------------------    -------------------

                         (clock sys_clk_pin rise edge)
                                                     10.000    10.000 r  
    W5                                                0.000    10.000 r  i_Clk (IN)
                         net (fo=0)                   0.000    10.000    i_Clk
    W5                   IBUF (Prop_ibuf_I_O)         1.388    11.388 r  i_Clk_IBUF_inst/O
                         net (fo=1, routed)           1.862    13.250    i_Clk_IBUF
    BUFGCTRL_X0Y0        BUFG (Prop_bufg_I_O)         0.091    13.341 r  i_Clk_IBUF_BUFG_inst/O
                         net (fo=203, routed)         1.502    14.843    State_Machine_Game_Inst/i_Clk_IBUF_BUFG
    SLICE_X7Y26          FDCE                                         r  State_Machine_Game_Inst/FSM_sequential_r_Curr_State_reg[0]/C
                         clock pessimism              0.260    15.103    
                         clock uncertainty           -0.035    15.068    
    SLICE_X7Y26          FDCE (Recov_fdce_C_CLR)     -0.405    14.663    State_Machine_Game_Inst/FSM_sequential_r_Curr_State_reg[0]
  -------------------------------------------------------------------
                         required time                         14.663    
                         arrival time                          -6.734    
  -------------------------------------------------------------------
                         slack                                  7.929    

Slack (MET) :             7.929ns  (required time - arrival time)
  Source:                 Debounce_Rst_Inst/r_State_reg/C
                            (rising edge-triggered cell FDRE clocked by sys_clk_pin  {rise@0.000ns fall@5.000ns period=10.000ns})
  Destination:            State_Machine_Game_Inst/FSM_sequential_r_Curr_State_reg[1]/CLR
                            (recovery check against rising-edge clock sys_clk_pin  {rise@0.000ns fall@5.000ns period=10.000ns})
  Path Group:             **async_default**
  Path Type:              Recovery (Max at Slow Process Corner)
  Requirement:            10.000ns  (sys_clk_pin rise@10.000ns - sys_clk_pin rise@0.000ns)
  Data Path Delay:        1.657ns  (logic 0.518ns (31.264%)  route 1.139ns (68.736%))
  Logic Levels:           0  
  Clock Path Skew:        0.026ns (DCD - SCD + CPR)
    Destination Clock Delay (DCD):    4.843ns = ( 14.843 - 10.000 ) 
    Source Clock Delay      (SCD):    5.077ns
    Clock Pessimism Removal (CPR):    0.260ns
  Clock Uncertainty:      0.035ns  ((TSJ^2 + TIJ^2)^1/2 + DJ) / 2 + PE
    Total System Jitter     (TSJ):    0.071ns
    Total Input Jitter      (TIJ):    0.000ns
    Discrete Jitter          (DJ):    0.000ns
    Phase Error              (PE):    0.000ns

    Location             Delay type                Incr(ns)  Path(ns)    Netlist Resource(s)
  -------------------------------------------------------------------    -------------------
                         (clock sys_clk_pin rise edge)
                                                      0.000     0.000 r  
    W5                                                0.000     0.000 r  i_Clk (IN)
                         net (fo=0)                   0.000     0.000    i_Clk
    W5                   IBUF (Prop_ibuf_I_O)         1.458     1.458 r  i_Clk_IBUF_inst/O
                         net (fo=1, routed)           1.967     3.425    i_Clk_IBUF
    BUFGCTRL_X0Y0        BUFG (Prop_bufg_I_O)         0.096     3.521 r  i_Clk_IBUF_BUFG_inst/O
                         net (fo=203, routed)         1.556     5.077    Debounce_Rst_Inst/i_Clk_IBUF_BUFG
    SLICE_X8Y29          FDRE                                         r  Debounce_Rst_Inst/r_State_reg/C
  -------------------------------------------------------------------    -------------------
    SLICE_X8Y29          FDRE (Prop_fdre_C_Q)         0.518     5.595 f  Debounce_Rst_Inst/r_State_reg/Q
                         net (fo=15, routed)          1.139     6.734    State_Machine_Game_Inst/w_Debounced_Rst
    SLICE_X7Y26          FDCE                                         f  State_Machine_Game_Inst/FSM_sequential_r_Curr_State_reg[1]/CLR
  -------------------------------------------------------------------    -------------------

                         (clock sys_clk_pin rise edge)
                                                     10.000    10.000 r  
    W5                                                0.000    10.000 r  i_Clk (IN)
                         net (fo=0)                   0.000    10.000    i_Clk
    W5                   IBUF (Prop_ibuf_I_O)         1.388    11.388 r  i_Clk_IBUF_inst/O
                         net (fo=1, routed)           1.862    13.250    i_Clk_IBUF
    BUFGCTRL_X0Y0        BUFG (Prop_bufg_I_O)         0.091    13.341 r  i_Clk_IBUF_BUFG_inst/O
                         net (fo=203, routed)         1.502    14.843    State_Machine_Game_Inst/i_Clk_IBUF_BUFG
    SLICE_X7Y26          FDCE                                         r  State_Machine_Game_Inst/FSM_sequential_r_Curr_State_reg[1]/C
                         clock pessimism              0.260    15.103    
                         clock uncertainty           -0.035    15.068    
    SLICE_X7Y26          FDCE (Recov_fdce_C_CLR)     -0.405    14.663    State_Machine_Game_Inst/FSM_sequential_r_Curr_State_reg[1]
  -------------------------------------------------------------------
                         required time                         14.663    
                         arrival time                          -6.734    
  -------------------------------------------------------------------
                         slack                                  7.929    

Slack (MET) :             7.929ns  (required time - arrival time)
  Source:                 Debounce_Rst_Inst/r_State_reg/C
                            (rising edge-triggered cell FDRE clocked by sys_clk_pin  {rise@0.000ns fall@5.000ns period=10.000ns})
  Destination:            State_Machine_Game_Inst/FSM_sequential_r_Curr_State_reg[2]/CLR
                            (recovery check against rising-edge clock sys_clk_pin  {rise@0.000ns fall@5.000ns period=10.000ns})
  Path Group:             **async_default**
  Path Type:              Recovery (Max at Slow Process Corner)
  Requirement:            10.000ns  (sys_clk_pin rise@10.000ns - sys_clk_pin rise@0.000ns)
  Data Path Delay:        1.657ns  (logic 0.518ns (31.264%)  route 1.139ns (68.736%))
  Logic Levels:           0  
  Clock Path Skew:        0.026ns (DCD - SCD + CPR)
    Destination Clock Delay (DCD):    4.843ns = ( 14.843 - 10.000 ) 
    Source Clock Delay      (SCD):    5.077ns
    Clock Pessimism Removal (CPR):    0.260ns
  Clock Uncertainty:      0.035ns  ((TSJ^2 + TIJ^2)^1/2 + DJ) / 2 + PE
    Total System Jitter     (TSJ):    0.071ns
    Total Input Jitter      (TIJ):    0.000ns
    Discrete Jitter          (DJ):    0.000ns
    Phase Error              (PE):    0.000ns

    Location             Delay type                Incr(ns)  Path(ns)    Netlist Resource(s)
  -------------------------------------------------------------------    -------------------
                         (clock sys_clk_pin rise edge)
                                                      0.000     0.000 r  
    W5                                                0.000     0.000 r  i_Clk (IN)
                         net (fo=0)                   0.000     0.000    i_Clk
    W5                   IBUF (Prop_ibuf_I_O)         1.458     1.458 r  i_Clk_IBUF_inst/O
                         net (fo=1, routed)           1.967     3.425    i_Clk_IBUF
    BUFGCTRL_X0Y0        BUFG (Prop_bufg_I_O)         0.096     3.521 r  i_Clk_IBUF_BUFG_inst/O
                         net (fo=203, routed)         1.556     5.077    Debounce_Rst_Inst/i_Clk_IBUF_BUFG
    SLICE_X8Y29          FDRE                                         r  Debounce_Rst_Inst/r_State_reg/C
  -------------------------------------------------------------------    -------------------
    SLICE_X8Y29          FDRE (Prop_fdre_C_Q)         0.518     5.595 f  Debounce_Rst_Inst/r_State_reg/Q
                         net (fo=15, routed)          1.139     6.734    State_Machine_Game_Inst/w_Debounced_Rst
    SLICE_X7Y26          FDCE                                         f  State_Machine_Game_Inst/FSM_sequential_r_Curr_State_reg[2]/CLR
  -------------------------------------------------------------------    -------------------

                         (clock sys_clk_pin rise edge)
                                                     10.000    10.000 r  
    W5                                                0.000    10.000 r  i_Clk (IN)
                         net (fo=0)                   0.000    10.000    i_Clk
    W5                   IBUF (Prop_ibuf_I_O)         1.388    11.388 r  i_Clk_IBUF_inst/O
                         net (fo=1, routed)           1.862    13.250    i_Clk_IBUF
    BUFGCTRL_X0Y0        BUFG (Prop_bufg_I_O)         0.091    13.341 r  i_Clk_IBUF_BUFG_inst/O
                         net (fo=203, routed)         1.502    14.843    State_Machine_Game_Inst/i_Clk_IBUF_BUFG
    SLICE_X7Y26          FDCE                                         r  State_Machine_Game_Inst/FSM_sequential_r_Curr_State_reg[2]/C
                         clock pessimism              0.260    15.103    
                         clock uncertainty           -0.035    15.068    
    SLICE_X7Y26          FDCE (Recov_fdce_C_CLR)     -0.405    14.663    State_Machine_Game_Inst/FSM_sequential_r_Curr_State_reg[2]
  -------------------------------------------------------------------
                         required time                         14.663    
                         arrival time                          -6.734    
  -------------------------------------------------------------------
                         slack                                  7.929    





Min Delay Paths
--------------------------------------------------------------------------------------
Slack (MET) :             0.823ns  (arrival time - required time)
  Source:                 Debounce_Rst_Inst/r_State_reg/C
                            (rising edge-triggered cell FDRE clocked by sys_clk_pin  {rise@0.000ns fall@5.000ns period=10.000ns})
  Destination:            State_Machine_Game_Inst/FSM_sequential_r_Curr_State_reg[0]/CLR
                            (removal check against rising-edge clock sys_clk_pin  {rise@0.000ns fall@5.000ns period=10.000ns})
  Path Group:             **async_default**
  Path Type:              Removal (Min at Fast Process Corner)
  Requirement:            0.000ns  (sys_clk_pin rise@0.000ns - sys_clk_pin rise@0.000ns)
  Data Path Delay:        0.789ns  (logic 0.164ns (20.789%)  route 0.625ns (79.211%))
  Logic Levels:           0  
  Clock Path Skew:        0.058ns (DCD - SCD - CPR)
    Destination Clock Delay (DCD):    1.976ns
    Source Clock Delay      (SCD):    1.440ns
    Clock Pessimism Removal (CPR):    0.478ns

    Location             Delay type                Incr(ns)  Path(ns)    Netlist Resource(s)
  -------------------------------------------------------------------    -------------------
                         (clock sys_clk_pin rise edge)
                                                      0.000     0.000 r  
    W5                                                0.000     0.000 r  i_Clk (IN)
                         net (fo=0)                   0.000     0.000    i_Clk
    W5                   IBUF (Prop_ibuf_I_O)         0.226     0.226 r  i_Clk_IBUF_inst/O
                         net (fo=1, routed)           0.631     0.858    i_Clk_IBUF
    BUFGCTRL_X0Y0        BUFG (Prop_bufg_I_O)         0.026     0.884 r  i_Clk_IBUF_BUFG_inst/O
                         net (fo=203, routed)         0.557     1.440    Debounce_Rst_Inst/i_Clk_IBUF_BUFG
    SLICE_X8Y29          FDRE                                         r  Debounce_Rst_Inst/r_State_reg/C
  -------------------------------------------------------------------    -------------------
    SLICE_X8Y29          FDRE (Prop_fdre_C_Q)         0.164     1.604 f  Debounce_Rst_Inst/r_State_reg/Q
                         net (fo=15, routed)          0.625     2.229    State_Machine_Game_Inst/w_Debounced_Rst
    SLICE_X7Y26          FDCE                                         f  State_Machine_Game_Inst/FSM_sequential_r_Curr_State_reg[0]/CLR
  -------------------------------------------------------------------    -------------------

                         (clock sys_clk_pin rise edge)
                                                      0.000     0.000 r  
    W5                                                0.000     0.000 r  i_Clk (IN)
                         net (fo=0)                   0.000     0.000    i_Clk
    W5                   IBUF (Prop_ibuf_I_O)         0.414     0.414 r  i_Clk_IBUF_inst/O
                         net (fo=1, routed)           0.685     1.099    i_Clk_IBUF
    BUFGCTRL_X0Y0        BUFG (Prop_bufg_I_O)         0.029     1.128 r  i_Clk_IBUF_BUFG_inst/O
                         net (fo=203, routed)         0.849     1.976    State_Machine_Game_Inst/i_Clk_IBUF_BUFG
    SLICE_X7Y26          FDCE                                         r  State_Machine_Game_Inst/FSM_sequential_r_Curr_State_reg[0]/C
                         clock pessimism             -0.478     1.498    
    SLICE_X7Y26          FDCE (Remov_fdce_C_CLR)     -0.092     1.406    State_Machine_Game_Inst/FSM_sequential_r_Curr_State_reg[0]
  -------------------------------------------------------------------
                         required time                         -1.406    
                         arrival time                           2.229    
  -------------------------------------------------------------------
                         slack                                  0.823    

Slack (MET) :             0.823ns  (arrival time - required time)
  Source:                 Debounce_Rst_Inst/r_State_reg/C
                            (rising edge-triggered cell FDRE clocked by sys_clk_pin  {rise@0.000ns fall@5.000ns period=10.000ns})
  Destination:            State_Machine_Game_Inst/FSM_sequential_r_Curr_State_reg[1]/CLR
                            (removal check against rising-edge clock sys_clk_pin  {rise@0.000ns fall@5.000ns period=10.000ns})
  Path Group:             **async_default**
  Path Type:              Removal (Min at Fast Process Corner)
  Requirement:            0.000ns  (sys_clk_pin rise@0.000ns - sys_clk_pin rise@0.000ns)
  Data Path Delay:        0.789ns  (logic 0.164ns (20.789%)  route 0.625ns (79.211%))
  Logic Levels:           0  
  Clock Path Skew:        0.058ns (DCD - SCD - CPR)
    Destination Clock Delay (DCD):    1.976ns
    Source Clock Delay      (SCD):    1.440ns
    Clock Pessimism Removal (CPR):    0.478ns

    Location             Delay type                Incr(ns)  Path(ns)    Netlist Resource(s)
  -------------------------------------------------------------------    -------------------
                         (clock sys_clk_pin rise edge)
                                                      0.000     0.000 r  
    W5                                                0.000     0.000 r  i_Clk (IN)
                         net (fo=0)                   0.000     0.000    i_Clk
    W5                   IBUF (Prop_ibuf_I_O)         0.226     0.226 r  i_Clk_IBUF_inst/O
                         net (fo=1, routed)           0.631     0.858    i_Clk_IBUF
    BUFGCTRL_X0Y0        BUFG (Prop_bufg_I_O)         0.026     0.884 r  i_Clk_IBUF_BUFG_inst/O
                         net (fo=203, routed)         0.557     1.440    Debounce_Rst_Inst/i_Clk_IBUF_BUFG
    SLICE_X8Y29          FDRE                                         r  Debounce_Rst_Inst/r_State_reg/C
  -------------------------------------------------------------------    -------------------
    SLICE_X8Y29          FDRE (Prop_fdre_C_Q)         0.164     1.604 f  Debounce_Rst_Inst/r_State_reg/Q
                         net (fo=15, routed)          0.625     2.229    State_Machine_Game_Inst/w_Debounced_Rst
    SLICE_X7Y26          FDCE                                         f  State_Machine_Game_Inst/FSM_sequential_r_Curr_State_reg[1]/CLR
  -------------------------------------------------------------------    -------------------

                         (clock sys_clk_pin rise edge)
                                                      0.000     0.000 r  
    W5                                                0.000     0.000 r  i_Clk (IN)
                         net (fo=0)                   0.000     0.000    i_Clk
    W5                   IBUF (Prop_ibuf_I_O)         0.414     0.414 r  i_Clk_IBUF_inst/O
                         net (fo=1, routed)           0.685     1.099    i_Clk_IBUF
    BUFGCTRL_X0Y0        BUFG (Prop_bufg_I_O)         0.029     1.128 r  i_Clk_IBUF_BUFG_inst/O
                         net (fo=203, routed)         0.849     1.976    State_Machine_Game_Inst/i_Clk_IBUF_BUFG
    SLICE_X7Y26          FDCE                                         r  State_Machine_Game_Inst/FSM_sequential_r_Curr_State_reg[1]/C
                         clock pessimism             -0.478     1.498    
    SLICE_X7Y26          FDCE (Remov_fdce_C_CLR)     -0.092     1.406    State_Machine_Game_Inst/FSM_sequential_r_Curr_State_reg[1]
  -------------------------------------------------------------------
                         required time                         -1.406    
                         arrival time                           2.229    
  -------------------------------------------------------------------
                         slack                                  0.823    

Slack (MET) :             0.823ns  (arrival time - required time)
  Source:                 Debounce_Rst_Inst/r_State_reg/C
                            (rising edge-triggered cell FDRE clocked by sys_clk_pin  {rise@0.000ns fall@5.000ns period=10.000ns})
  Destination:            State_Machine_Game_Inst/FSM_sequential_r_Curr_State_reg[2]/CLR
                            (removal check against rising-edge clock sys_clk_pin  {rise@0.000ns fall@5.000ns period=10.000ns})
  Path Group:             **async_default**
  Path Type:              Removal (Min at Fast Process Corner)
  Requirement:            0.000ns  (sys_clk_pin rise@0.000ns - sys_clk_pin rise@0.000ns)
  Data Path Delay:        0.789ns  (logic 0.164ns (20.789%)  route 0.625ns (79.211%))
  Logic Levels:           0  
  Clock Path Skew:        0.058ns (DCD - SCD - CPR)
    Destination Clock Delay (DCD):    1.976ns
    Source Clock Delay      (SCD):    1.440ns
    Clock Pessimism Removal (CPR):    0.478ns

    Location             Delay type                Incr(ns)  Path(ns)    Netlist Resource(s)
  -------------------------------------------------------------------    -------------------
                         (clock sys_clk_pin rise edge)
                                                      0.000     0.000 r  
    W5                                                0.000     0.000 r  i_Clk (IN)
                         net (fo=0)                   0.000     0.000    i_Clk
    W5                   IBUF (Prop_ibuf_I_O)         0.226     0.226 r  i_Clk_IBUF_inst/O
                         net (fo=1, routed)           0.631     0.858    i_Clk_IBUF
    BUFGCTRL_X0Y0        BUFG (Prop_bufg_I_O)         0.026     0.884 r  i_Clk_IBUF_BUFG_inst/O
                         net (fo=203, routed)         0.557     1.440    Debounce_Rst_Inst/i_Clk_IBUF_BUFG
    SLICE_X8Y29          FDRE                                         r  Debounce_Rst_Inst/r_State_reg/C
  -------------------------------------------------------------------    -------------------
    SLICE_X8Y29          FDRE (Prop_fdre_C_Q)         0.164     1.604 f  Debounce_Rst_Inst/r_State_reg/Q
                         net (fo=15, routed)          0.625     2.229    State_Machine_Game_Inst/w_Debounced_Rst
    SLICE_X7Y26          FDCE                                         f  State_Machine_Game_Inst/FSM_sequential_r_Curr_State_reg[2]/CLR
  -------------------------------------------------------------------    -------------------

                         (clock sys_clk_pin rise edge)
                                                      0.000     0.000 r  
    W5                                                0.000     0.000 r  i_Clk (IN)
                         net (fo=0)                   0.000     0.000    i_Clk
    W5                   IBUF (Prop_ibuf_I_O)         0.414     0.414 r  i_Clk_IBUF_inst/O
                         net (fo=1, routed)           0.685     1.099    i_Clk_IBUF
    BUFGCTRL_X0Y0        BUFG (Prop_bufg_I_O)         0.029     1.128 r  i_Clk_IBUF_BUFG_inst/O
                         net (fo=203, routed)         0.849     1.976    State_Machine_Game_Inst/i_Clk_IBUF_BUFG
    SLICE_X7Y26          FDCE                                         r  State_Machine_Game_Inst/FSM_sequential_r_Curr_State_reg[2]/C
                         clock pessimism             -0.478     1.498    
    SLICE_X7Y26          FDCE (Remov_fdce_C_CLR)     -0.092     1.406    State_Machine_Game_Inst/FSM_sequential_r_Curr_State_reg[2]
  -------------------------------------------------------------------
                         required time                         -1.406    
                         arrival time                           2.229    
  -------------------------------------------------------------------
                         slack                                  0.823    





--------------------------------------------------------------------------------------
Path Group:  (none)
From Clock:  sys_clk_pin
  To Clock:  

Max Delay            11 Endpoints
Min Delay            11 Endpoints
--------------------------------------------------------------------------------------


Max Delay Paths
--------------------------------------------------------------------------------------
Slack:                    inf
  Source:                 State_Machine_Game_Inst/r_Index_reg[0]/C
                            (rising edge-triggered cell FDRE clocked by sys_clk_pin  {rise@0.000ns fall@5.000ns period=10.000ns})
  Destination:            o_LED_1
                            (output port)
  Path Group:             (none)
  Path Type:              Max at Slow Process Corner
  Data Path Delay:        10.400ns  (logic 4.333ns (41.663%)  route 6.067ns (58.337%))
  Logic Levels:           4  (LUT5=1 LUT6=2 OBUF=1)
  Clock Uncertainty:      0.025ns  ((TSJ^2 + TIJ^2)^1/2 + DJ) / 2 + PE
    Total System Jitter     (TSJ):    0.050ns
    Total Input Jitter      (TIJ):    0.000ns
    Discrete Jitter          (DJ):    0.000ns
    Phase Error              (PE):    0.000ns

    Location             Delay type                Incr(ns)  Path(ns)    Netlist Resource(s)
  -------------------------------------------------------------------    -------------------
                         (clock sys_clk_pin rise edge)
                                                      0.000     0.000 r  
    W5                                                0.000     0.000 r  i_Clk (IN)
                         net (fo=0)                   0.000     0.000    i_Clk
    W5                   IBUF (Prop_ibuf_I_O)         1.458     1.458 r  i_Clk_IBUF_inst/O
                         net (fo=1, routed)           1.967     3.425    i_Clk_IBUF
    BUFGCTRL_X0Y0        BUFG (Prop_bufg_I_O)         0.096     3.521 r  i_Clk_IBUF_BUFG_inst/O
                         net (fo=203, routed)         1.618     5.139    State_Machine_Game_Inst/i_Clk_IBUF_BUFG
    SLICE_X7Y27          FDRE                                         r  State_Machine_Game_Inst/r_Index_reg[0]/C
  -------------------------------------------------------------------    -------------------
    SLICE_X7Y27          FDRE (Prop_fdre_C_Q)         0.456     5.595 r  State_Machine_Game_Inst/r_Index_reg[0]/Q
                         net (fo=9, routed)           1.735     7.331    State_Machine_Game_Inst/r_Index_reg_n_0_[0]
    SLICE_X10Y30         LUT6 (Prop_lut6_I2_O)        0.124     7.455 f  State_Machine_Game_Inst/o_LED_1_OBUF_inst_i_6/O
                         net (fo=1, routed)           0.570     8.024    State_Machine_Game_Inst/o_LED_1_OBUF_inst_i_6_n_0
    SLICE_X9Y31          LUT5 (Prop_lut5_I1_O)        0.124     8.148 f  State_Machine_Game_Inst/o_LED_1_OBUF_inst_i_3/O
                         net (fo=5, routed)           1.272     9.420    State_Machine_Game_Inst/o_LED_1_OBUF_inst_i_3_n_0
    SLICE_X6Y26          LUT6 (Prop_lut6_I4_O)        0.124     9.544 r  State_Machine_Game_Inst/o_LED_1_OBUF_inst_i_1/O
                         net (fo=1, routed)           2.490    12.034    o_LED_1_OBUF
    U16                  OBUF (Prop_obuf_I_O)         3.505    15.539 r  o_LED_1_OBUF_inst/O
                         net (fo=0)                   0.000    15.539    o_LED_1
    U16                                                               r  o_LED_1 (OUT)
  -------------------------------------------------------------------    -------------------

Slack:                    inf
  Source:                 State_Machine_Game_Inst/r_Index_reg[0]/C
                            (rising edge-triggered cell FDRE clocked by sys_clk_pin  {rise@0.000ns fall@5.000ns period=10.000ns})
  Destination:            o_LED_2
                            (output port)
  Path Group:             (none)
  Path Type:              Max at Slow Process Corner
  Data Path Delay:        9.823ns  (logic 4.358ns (44.361%)  route 5.466ns (55.639%))
  Logic Levels:           4  (LUT5=1 LUT6=2 OBUF=1)
  Clock Uncertainty:      0.025ns  ((TSJ^2 + TIJ^2)^1/2 + DJ) / 2 + PE
    Total System Jitter     (TSJ):    0.050ns
    Total Input Jitter      (TIJ):    0.000ns
    Discrete Jitter          (DJ):    0.000ns
    Phase Error              (PE):    0.000ns

    Location             Delay type                Incr(ns)  Path(ns)    Netlist Resource(s)
  -------------------------------------------------------------------    -------------------
                         (clock sys_clk_pin rise edge)
                                                      0.000     0.000 r  
    W5                                                0.000     0.000 r  i_Clk (IN)
                         net (fo=0)                   0.000     0.000    i_Clk
    W5                   IBUF (Prop_ibuf_I_O)         1.458     1.458 r  i_Clk_IBUF_inst/O
                         net (fo=1, routed)           1.967     3.425    i_Clk_IBUF
    BUFGCTRL_X0Y0        BUFG (Prop_bufg_I_O)         0.096     3.521 r  i_Clk_IBUF_BUFG_inst/O
                         net (fo=203, routed)         1.618     5.139    State_Machine_Game_Inst/i_Clk_IBUF_BUFG
    SLICE_X7Y27          FDRE                                         r  State_Machine_Game_Inst/r_Index_reg[0]/C
  -------------------------------------------------------------------    -------------------
    SLICE_X7Y27          FDRE (Prop_fdre_C_Q)         0.456     5.595 r  State_Machine_Game_Inst/r_Index_reg[0]/Q
                         net (fo=9, routed)           1.735     7.331    State_Machine_Game_Inst/r_Index_reg_n_0_[0]
    SLICE_X10Y30         LUT6 (Prop_lut6_I2_O)        0.124     7.455 r  State_Machine_Game_Inst/o_LED_1_OBUF_inst_i_6/O
                         net (fo=1, routed)           0.570     8.024    State_Machine_Game_Inst/o_LED_1_OBUF_inst_i_6_n_0
    SLICE_X9Y31          LUT5 (Prop_lut5_I1_O)        0.124     8.148 r  State_Machine_Game_Inst/o_LED_1_OBUF_inst_i_3/O
                         net (fo=5, routed)           1.044     9.192    State_Machine_Game_Inst/o_LED_1_OBUF_inst_i_3_n_0
    SLICE_X3Y28          LUT6 (Prop_lut6_I4_O)        0.124     9.316 r  State_Machine_Game_Inst/o_LED_2_OBUF_inst_i_1/O
                         net (fo=1, routed)           2.117    11.433    o_LED_2_OBUF
    E19                  OBUF (Prop_obuf_I_O)         3.530    14.963 r  o_LED_2_OBUF_inst/O
                         net (fo=0)                   0.000    14.963    o_LED_2
    E19                                                               r  o_LED_2 (OUT)
  -------------------------------------------------------------------    -------------------

Slack:                    inf
  Source:                 State_Machine_Game_Inst/r_Index_reg[0]/C
                            (rising edge-triggered cell FDRE clocked by sys_clk_pin  {rise@0.000ns fall@5.000ns period=10.000ns})
  Destination:            o_LED_4
                            (output port)
  Path Group:             (none)
  Path Type:              Max at Slow Process Corner
  Data Path Delay:        9.629ns  (logic 4.337ns (45.039%)  route 5.292ns (54.961%))
  Logic Levels:           4  (LUT5=1 LUT6=2 OBUF=1)
  Clock Uncertainty:      0.025ns  ((TSJ^2 + TIJ^2)^1/2 + DJ) / 2 + PE
    Total System Jitter     (TSJ):    0.050ns
    Total Input Jitter      (TIJ):    0.000ns
    Discrete Jitter          (DJ):    0.000ns
    Phase Error              (PE):    0.000ns

    Location             Delay type                Incr(ns)  Path(ns)    Netlist Resource(s)
  -------------------------------------------------------------------    -------------------
                         (clock sys_clk_pin rise edge)
                                                      0.000     0.000 r  
    W5                                                0.000     0.000 r  i_Clk (IN)
                         net (fo=0)                   0.000     0.000    i_Clk
    W5                   IBUF (Prop_ibuf_I_O)         1.458     1.458 r  i_Clk_IBUF_inst/O
                         net (fo=1, routed)           1.967     3.425    i_Clk_IBUF
    BUFGCTRL_X0Y0        BUFG (Prop_bufg_I_O)         0.096     3.521 r  i_Clk_IBUF_BUFG_inst/O
                         net (fo=203, routed)         1.618     5.139    State_Machine_Game_Inst/i_Clk_IBUF_BUFG
    SLICE_X7Y27          FDRE                                         r  State_Machine_Game_Inst/r_Index_reg[0]/C
  -------------------------------------------------------------------    -------------------
    SLICE_X7Y27          FDRE (Prop_fdre_C_Q)         0.456     5.595 r  State_Machine_Game_Inst/r_Index_reg[0]/Q
                         net (fo=9, routed)           1.735     7.331    State_Machine_Game_Inst/r_Index_reg_n_0_[0]
    SLICE_X10Y30         LUT6 (Prop_lut6_I2_O)        0.124     7.455 r  State_Machine_Game_Inst/o_LED_1_OBUF_inst_i_6/O
                         net (fo=1, routed)           0.570     8.024    State_Machine_Game_Inst/o_LED_1_OBUF_inst_i_6_n_0
    SLICE_X9Y31          LUT5 (Prop_lut5_I1_O)        0.124     8.148 r  State_Machine_Game_Inst/o_LED_1_OBUF_inst_i_3/O
                         net (fo=5, routed)           1.055     9.203    State_Machine_Game_Inst/o_LED_1_OBUF_inst_i_3_n_0
    SLICE_X3Y27          LUT6 (Prop_lut6_I4_O)        0.124     9.327 r  State_Machine_Game_Inst/o_LED_4_OBUF_inst_i_1/O
                         net (fo=1, routed)           1.933    11.260    o_LED_4_OBUF
    V19                  OBUF (Prop_obuf_I_O)         3.509    14.769 r  o_LED_4_OBUF_inst/O
                         net (fo=0)                   0.000    14.769    o_LED_4
    V19                                                               r  o_LED_4 (OUT)
  -------------------------------------------------------------------    -------------------

Slack:                    inf
  Source:                 State_Machine_Game_Inst/r_Index_reg[0]/C
                            (rising edge-triggered cell FDRE clocked by sys_clk_pin  {rise@0.000ns fall@5.000ns period=10.000ns})
  Destination:            o_LED_3
                            (output port)
  Path Group:             (none)
  Path Type:              Max at Slow Process Corner
  Data Path Delay:        9.428ns  (logic 4.329ns (45.917%)  route 5.099ns (54.083%))
  Logic Levels:           4  (LUT5=1 LUT6=2 OBUF=1)
  Clock Uncertainty:      0.025ns  ((TSJ^2 + TIJ^2)^1/2 + DJ) / 2 + PE
    Total System Jitter     (TSJ):    0.050ns
    Total Input Jitter      (TIJ):    0.000ns
    Discrete Jitter          (DJ):    0.000ns
    Phase Error              (PE):    0.000ns

    Location             Delay type                Incr(ns)  Path(ns)    Netlist Resource(s)
  -------------------------------------------------------------------    -------------------
                         (clock sys_clk_pin rise edge)
                                                      0.000     0.000 r  
    W5                                                0.000     0.000 r  i_Clk (IN)
                         net (fo=0)                   0.000     0.000    i_Clk
    W5                   IBUF (Prop_ibuf_I_O)         1.458     1.458 r  i_Clk_IBUF_inst/O
                         net (fo=1, routed)           1.967     3.425    i_Clk_IBUF
    BUFGCTRL_X0Y0        BUFG (Prop_bufg_I_O)         0.096     3.521 r  i_Clk_IBUF_BUFG_inst/O
                         net (fo=203, routed)         1.618     5.139    State_Machine_Game_Inst/i_Clk_IBUF_BUFG
    SLICE_X7Y27          FDRE                                         r  State_Machine_Game_Inst/r_Index_reg[0]/C
  -------------------------------------------------------------------    -------------------
    SLICE_X7Y27          FDRE (Prop_fdre_C_Q)         0.456     5.595 r  State_Machine_Game_Inst/r_Index_reg[0]/Q
                         net (fo=9, routed)           1.735     7.331    State_Machine_Game_Inst/r_Index_reg_n_0_[0]
    SLICE_X10Y30         LUT6 (Prop_lut6_I2_O)        0.124     7.455 f  State_Machine_Game_Inst/o_LED_1_OBUF_inst_i_6/O
                         net (fo=1, routed)           0.570     8.024    State_Machine_Game_Inst/o_LED_1_OBUF_inst_i_6_n_0
    SLICE_X9Y31          LUT5 (Prop_lut5_I1_O)        0.124     8.148 f  State_Machine_Game_Inst/o_LED_1_OBUF_inst_i_3/O
                         net (fo=5, routed)           0.885     9.033    State_Machine_Game_Inst/o_LED_1_OBUF_inst_i_3_n_0
    SLICE_X3Y27          LUT6 (Prop_lut6_I4_O)        0.124     9.157 r  State_Machine_Game_Inst/o_LED_3_OBUF_inst_i_1/O
                         net (fo=1, routed)           1.909    11.066    o_LED_3_OBUF
    U19                  OBUF (Prop_obuf_I_O)         3.501    14.567 r  o_LED_3_OBUF_inst/O
                         net (fo=0)                   0.000    14.567    o_LED_3
    U19                                                               r  o_LED_3 (OUT)
  -------------------------------------------------------------------    -------------------

Slack:                    inf
  Source:                 Display_Inst/r_Hex_Encoding_reg[0]_inv/C
                            (rising edge-triggered cell FDSE clocked by sys_clk_pin  {rise@0.000ns fall@5.000ns period=10.000ns})
  Destination:            o_Segment_G
                            (output port)
  Path Group:             (none)
  Path Type:              Max at Slow Process Corner
  Data Path Delay:        7.662ns  (logic 4.049ns (52.854%)  route 3.612ns (47.146%))
  Logic Levels:           1  (OBUF=1)
  Clock Uncertainty:      0.025ns  ((TSJ^2 + TIJ^2)^1/2 + DJ) / 2 + PE
    Total System Jitter     (TSJ):    0.050ns
    Total Input Jitter      (TIJ):    0.000ns
    Discrete Jitter          (DJ):    0.000ns
    Phase Error              (PE):    0.000ns

    Location             Delay type                Incr(ns)  Path(ns)    Netlist Resource(s)
  -------------------------------------------------------------------    -------------------
                         (clock sys_clk_pin rise edge)
                                                      0.000     0.000 r  
    W5                                                0.000     0.000 r  i_Clk (IN)
                         net (fo=0)                   0.000     0.000    i_Clk
    W5                   IBUF (Prop_ibuf_I_O)         1.458     1.458 r  i_Clk_IBUF_inst/O
                         net (fo=1, routed)           1.967     3.425    i_Clk_IBUF
    BUFGCTRL_X0Y0        BUFG (Prop_bufg_I_O)         0.096     3.521 r  i_Clk_IBUF_BUFG_inst/O
                         net (fo=203, routed)         1.549     5.070    Display_Inst/i_Clk_IBUF_BUFG
    SLICE_X10Y25         FDSE                                         r  Display_Inst/r_Hex_Encoding_reg[0]_inv/C
  -------------------------------------------------------------------    -------------------
    SLICE_X10Y25         FDSE (Prop_fdse_C_Q)         0.518     5.588 r  Display_Inst/r_Hex_Encoding_reg[0]_inv/Q
                         net (fo=1, routed)           3.612     9.200    o_Segment_G_OBUF
    U7                   OBUF (Prop_obuf_I_O)         3.531    12.732 r  o_Segment_G_OBUF_inst/O
                         net (fo=0)                   0.000    12.732    o_Segment_G
    U7                                                                r  o_Segment_G (OUT)
  -------------------------------------------------------------------    -------------------

Slack:                    inf
  Source:                 Display_Inst/r_Hex_Encoding_reg[2]_inv/C
                            (rising edge-triggered cell FDSE clocked by sys_clk_pin  {rise@0.000ns fall@5.000ns period=10.000ns})
  Destination:            o_Segment_E
                            (output port)
  Path Group:             (none)
  Path Type:              Max at Slow Process Corner
  Data Path Delay:        7.616ns  (logic 4.169ns (54.738%)  route 3.447ns (45.262%))
  Logic Levels:           1  (OBUF=1)
  Clock Uncertainty:      0.025ns  ((TSJ^2 + TIJ^2)^1/2 + DJ) / 2 + PE
    Total System Jitter     (TSJ):    0.050ns
    Total Input Jitter      (TIJ):    0.000ns
    Discrete Jitter          (DJ):    0.000ns
    Phase Error              (PE):    0.000ns

    Location             Delay type                Incr(ns)  Path(ns)    Netlist Resource(s)
  -------------------------------------------------------------------    -------------------
                         (clock sys_clk_pin rise edge)
                                                      0.000     0.000 r  
    W5                                                0.000     0.000 r  i_Clk (IN)
                         net (fo=0)                   0.000     0.000    i_Clk
    W5                   IBUF (Prop_ibuf_I_O)         1.458     1.458 r  i_Clk_IBUF_inst/O
                         net (fo=1, routed)           1.967     3.425    i_Clk_IBUF
    BUFGCTRL_X0Y0        BUFG (Prop_bufg_I_O)         0.096     3.521 r  i_Clk_IBUF_BUFG_inst/O
                         net (fo=203, routed)         1.549     5.070    Display_Inst/i_Clk_IBUF_BUFG
    SLICE_X10Y25         FDSE                                         r  Display_Inst/r_Hex_Encoding_reg[2]_inv/C
  -------------------------------------------------------------------    -------------------
    SLICE_X10Y25         FDSE (Prop_fdse_C_Q)         0.478     5.548 r  Display_Inst/r_Hex_Encoding_reg[2]_inv/Q
                         net (fo=1, routed)           3.447     8.995    o_Segment_E_OBUF
    U5                   OBUF (Prop_obuf_I_O)         3.691    12.686 r  o_Segment_E_OBUF_inst/O
                         net (fo=0)                   0.000    12.686    o_Segment_E
    U5                                                                r  o_Segment_E (OUT)
  -------------------------------------------------------------------    -------------------

Slack:                    inf
  Source:                 Display_Inst/r_Hex_Encoding_reg[6]_inv/C
                            (rising edge-triggered cell FDSE clocked by sys_clk_pin  {rise@0.000ns fall@5.000ns period=10.000ns})
  Destination:            o_Segment_A
                            (output port)
  Path Group:             (none)
  Path Type:              Max at Slow Process Corner
  Data Path Delay:        7.506ns  (logic 4.161ns (55.429%)  route 3.346ns (44.571%))
  Logic Levels:           1  (OBUF=1)
  Clock Uncertainty:      0.025ns  ((TSJ^2 + TIJ^2)^1/2 + DJ) / 2 + PE
    Total System Jitter     (TSJ):    0.050ns
    Total Input Jitter      (TIJ):    0.000ns
    Discrete Jitter          (DJ):    0.000ns
    Phase Error              (PE):    0.000ns

    Location             Delay type                Incr(ns)  Path(ns)    Netlist Resource(s)
  -------------------------------------------------------------------    -------------------
                         (clock sys_clk_pin rise edge)
                                                      0.000     0.000 r  
    W5                                                0.000     0.000 r  i_Clk (IN)
                         net (fo=0)                   0.000     0.000    i_Clk
    W5                   IBUF (Prop_ibuf_I_O)         1.458     1.458 r  i_Clk_IBUF_inst/O
                         net (fo=1, routed)           1.967     3.425    i_Clk_IBUF
    BUFGCTRL_X0Y0        BUFG (Prop_bufg_I_O)         0.096     3.521 r  i_Clk_IBUF_BUFG_inst/O
                         net (fo=203, routed)         1.549     5.070    Display_Inst/i_Clk_IBUF_BUFG
    SLICE_X10Y25         FDSE                                         r  Display_Inst/r_Hex_Encoding_reg[6]_inv/C
  -------------------------------------------------------------------    -------------------
    SLICE_X10Y25         FDSE (Prop_fdse_C_Q)         0.478     5.548 r  Display_Inst/r_Hex_Encoding_reg[6]_inv/Q
                         net (fo=1, routed)           3.346     8.894    o_Segment_A_OBUF
    W7                   OBUF (Prop_obuf_I_O)         3.683    12.577 r  o_Segment_A_OBUF_inst/O
                         net (fo=0)                   0.000    12.577    o_Segment_A
    W7                                                                r  o_Segment_A (OUT)
  -------------------------------------------------------------------    -------------------

Slack:                    inf
  Source:                 Display_Inst/r_Hex_Encoding_reg[1]_inv/C
                            (rising edge-triggered cell FDSE clocked by sys_clk_pin  {rise@0.000ns fall@5.000ns period=10.000ns})
  Destination:            o_Segment_F
                            (output port)
  Path Group:             (none)
  Path Type:              Max at Slow Process Corner
  Data Path Delay:        7.452ns  (logic 4.022ns (53.974%)  route 3.430ns (46.026%))
  Logic Levels:           1  (OBUF=1)
  Clock Uncertainty:      0.025ns  ((TSJ^2 + TIJ^2)^1/2 + DJ) / 2 + PE
    Total System Jitter     (TSJ):    0.050ns
    Total Input Jitter      (TIJ):    0.000ns
    Discrete Jitter          (DJ):    0.000ns
    Phase Error              (PE):    0.000ns

    Location             Delay type                Incr(ns)  Path(ns)    Netlist Resource(s)
  -------------------------------------------------------------------    -------------------
                         (clock sys_clk_pin rise edge)
                                                      0.000     0.000 r  
    W5                                                0.000     0.000 r  i_Clk (IN)
                         net (fo=0)                   0.000     0.000    i_Clk
    W5                   IBUF (Prop_ibuf_I_O)         1.458     1.458 r  i_Clk_IBUF_inst/O
                         net (fo=1, routed)           1.967     3.425    i_Clk_IBUF
    BUFGCTRL_X0Y0        BUFG (Prop_bufg_I_O)         0.096     3.521 r  i_Clk_IBUF_BUFG_inst/O
                         net (fo=203, routed)         1.549     5.070    Display_Inst/i_Clk_IBUF_BUFG
    SLICE_X10Y25         FDSE                                         r  Display_Inst/r_Hex_Encoding_reg[1]_inv/C
  -------------------------------------------------------------------    -------------------
    SLICE_X10Y25         FDSE (Prop_fdse_C_Q)         0.518     5.588 r  Display_Inst/r_Hex_Encoding_reg[1]_inv/Q
                         net (fo=1, routed)           3.430     9.018    o_Segment_F_OBUF
    V5                   OBUF (Prop_obuf_I_O)         3.504    12.523 r  o_Segment_F_OBUF_inst/O
                         net (fo=0)                   0.000    12.523    o_Segment_F
    V5                                                                r  o_Segment_F (OUT)
  -------------------------------------------------------------------    -------------------

Slack:                    inf
  Source:                 Display_Inst/r_Hex_Encoding_reg[4]_inv/C
                            (rising edge-triggered cell FDSE clocked by sys_clk_pin  {rise@0.000ns fall@5.000ns period=10.000ns})
  Destination:            o_Segment_C
                            (output port)
  Path Group:             (none)
  Path Type:              Max at Slow Process Corner
  Data Path Delay:        7.420ns  (logic 3.991ns (53.791%)  route 3.429ns (46.209%))
  Logic Levels:           1  (OBUF=1)
  Clock Uncertainty:      0.025ns  ((TSJ^2 + TIJ^2)^1/2 + DJ) / 2 + PE
    Total System Jitter     (TSJ):    0.050ns
    Total Input Jitter      (TIJ):    0.000ns
    Discrete Jitter          (DJ):    0.000ns
    Phase Error              (PE):    0.000ns

    Location             Delay type                Incr(ns)  Path(ns)    Netlist Resource(s)
  -------------------------------------------------------------------    -------------------
                         (clock sys_clk_pin rise edge)
                                                      0.000     0.000 r  
    W5                                                0.000     0.000 r  i_Clk (IN)
                         net (fo=0)                   0.000     0.000    i_Clk
    W5                   IBUF (Prop_ibuf_I_O)         1.458     1.458 r  i_Clk_IBUF_inst/O
                         net (fo=1, routed)           1.967     3.425    i_Clk_IBUF
    BUFGCTRL_X0Y0        BUFG (Prop_bufg_I_O)         0.096     3.521 r  i_Clk_IBUF_BUFG_inst/O
                         net (fo=203, routed)         1.549     5.070    Display_Inst/i_Clk_IBUF_BUFG
    SLICE_X9Y25          FDSE                                         r  Display_Inst/r_Hex_Encoding_reg[4]_inv/C
  -------------------------------------------------------------------    -------------------
    SLICE_X9Y25          FDSE (Prop_fdse_C_Q)         0.456     5.526 r  Display_Inst/r_Hex_Encoding_reg[4]_inv/Q
                         net (fo=1, routed)           3.429     8.955    o_Segment_C_OBUF
    U8                   OBUF (Prop_obuf_I_O)         3.535    12.490 r  o_Segment_C_OBUF_inst/O
                         net (fo=0)                   0.000    12.490    o_Segment_C
    U8                                                                r  o_Segment_C (OUT)
  -------------------------------------------------------------------    -------------------

Slack:                    inf
  Source:                 Display_Inst/r_Hex_Encoding_reg[5]_inv/C
                            (rising edge-triggered cell FDSE clocked by sys_clk_pin  {rise@0.000ns fall@5.000ns period=10.000ns})
  Destination:            o_Segment_B
                            (output port)
  Path Group:             (none)
  Path Type:              Max at Slow Process Corner
  Data Path Delay:        7.379ns  (logic 4.047ns (54.848%)  route 3.332ns (45.152%))
  Logic Levels:           1  (OBUF=1)
  Clock Uncertainty:      0.025ns  ((TSJ^2 + TIJ^2)^1/2 + DJ) / 2 + PE
    Total System Jitter     (TSJ):    0.050ns
    Total Input Jitter      (TIJ):    0.000ns
    Discrete Jitter          (DJ):    0.000ns
    Phase Error              (PE):    0.000ns

    Location             Delay type                Incr(ns)  Path(ns)    Netlist Resource(s)
  -------------------------------------------------------------------    -------------------
                         (clock sys_clk_pin rise edge)
                                                      0.000     0.000 r  
    W5                                                0.000     0.000 r  i_Clk (IN)
                         net (fo=0)                   0.000     0.000    i_Clk
    W5                   IBUF (Prop_ibuf_I_O)         1.458     1.458 r  i_Clk_IBUF_inst/O
                         net (fo=1, routed)           1.967     3.425    i_Clk_IBUF
    BUFGCTRL_X0Y0        BUFG (Prop_bufg_I_O)         0.096     3.521 r  i_Clk_IBUF_BUFG_inst/O
                         net (fo=203, routed)         1.549     5.070    Display_Inst/i_Clk_IBUF_BUFG
    SLICE_X10Y25         FDSE                                         r  Display_Inst/r_Hex_Encoding_reg[5]_inv/C
  -------------------------------------------------------------------    -------------------
    SLICE_X10Y25         FDSE (Prop_fdse_C_Q)         0.518     5.588 r  Display_Inst/r_Hex_Encoding_reg[5]_inv/Q
                         net (fo=1, routed)           3.332     8.920    o_Segment_B_OBUF
    W6                   OBUF (Prop_obuf_I_O)         3.529    12.449 r  o_Segment_B_OBUF_inst/O
                         net (fo=0)                   0.000    12.449    o_Segment_B
    W6                                                                r  o_Segment_B (OUT)
  -------------------------------------------------------------------    -------------------





Min Delay Paths
--------------------------------------------------------------------------------------
Slack:                    inf
  Source:                 Debounce_S4_Inst/r_State_reg/C
                            (rising edge-triggered cell FDRE clocked by sys_clk_pin  {rise@0.000ns fall@5.000ns period=10.000ns})
  Destination:            o_LED_4
                            (output port)
  Path Group:             (none)
  Path Type:              Min at Fast Process Corner
  Data Path Delay:        2.001ns  (logic 1.419ns (70.912%)  route 0.582ns (29.088%))
  Logic Levels:           2  (LUT6=1 OBUF=1)
  Clock Uncertainty:      0.025ns  ((TSJ^2 + TIJ^2)^1/2 + DJ) / 2 + PE
    Total System Jitter     (TSJ):    0.050ns
    Total Input Jitter      (TIJ):    0.000ns
    Discrete Jitter          (DJ):    0.000ns
    Phase Error              (PE):    0.000ns

    Location             Delay type                Incr(ns)  Path(ns)    Netlist Resource(s)
  -------------------------------------------------------------------    -------------------
                         (clock sys_clk_pin rise edge)
                                                      0.000     0.000 r  
    W5                                                0.000     0.000 r  i_Clk (IN)
                         net (fo=0)                   0.000     0.000    i_Clk
    W5                   IBUF (Prop_ibuf_I_O)         0.226     0.226 r  i_Clk_IBUF_inst/O
                         net (fo=1, routed)           0.631     0.858    i_Clk_IBUF
    BUFGCTRL_X0Y0        BUFG (Prop_bufg_I_O)         0.026     0.884 r  i_Clk_IBUF_BUFG_inst/O
                         net (fo=203, routed)         0.585     1.468    Debounce_S4_Inst/i_Clk_IBUF_BUFG
    SLICE_X2Y27          FDRE                                         r  Debounce_S4_Inst/r_State_reg/C
  -------------------------------------------------------------------    -------------------
    SLICE_X2Y27          FDRE (Prop_fdre_C_Q)         0.164     1.632 r  Debounce_S4_Inst/r_State_reg/Q
                         net (fo=7, routed)           0.118     1.750    State_Machine_Game_Inst/w_Debounced_S4
    SLICE_X3Y27          LUT6 (Prop_lut6_I5_O)        0.045     1.795 r  State_Machine_Game_Inst/o_LED_4_OBUF_inst_i_1/O
                         net (fo=1, routed)           0.465     2.259    o_LED_4_OBUF
    V19                  OBUF (Prop_obuf_I_O)         1.210     3.469 r  o_LED_4_OBUF_inst/O
                         net (fo=0)                   0.000     3.469    o_LED_4
    V19                                                               r  o_LED_4 (OUT)
  -------------------------------------------------------------------    -------------------

Slack:                    inf
  Source:                 Debounce_S3_Inst/r_State_reg/C
                            (rising edge-triggered cell FDRE clocked by sys_clk_pin  {rise@0.000ns fall@5.000ns period=10.000ns})
  Destination:            o_LED_3
                            (output port)
  Path Group:             (none)
  Path Type:              Min at Fast Process Corner
  Data Path Delay:        2.073ns  (logic 1.388ns (66.974%)  route 0.684ns (33.026%))
  Logic Levels:           2  (LUT6=1 OBUF=1)
  Clock Uncertainty:      0.025ns  ((TSJ^2 + TIJ^2)^1/2 + DJ) / 2 + PE
    Total System Jitter     (TSJ):    0.050ns
    Total Input Jitter      (TIJ):    0.000ns
    Discrete Jitter          (DJ):    0.000ns
    Phase Error              (PE):    0.000ns

    Location             Delay type                Incr(ns)  Path(ns)    Netlist Resource(s)
  -------------------------------------------------------------------    -------------------
                         (clock sys_clk_pin rise edge)
                                                      0.000     0.000 r  
    W5                                                0.000     0.000 r  i_Clk (IN)
                         net (fo=0)                   0.000     0.000    i_Clk
    W5                   IBUF (Prop_ibuf_I_O)         0.226     0.226 r  i_Clk_IBUF_inst/O
                         net (fo=1, routed)           0.631     0.858    i_Clk_IBUF
    BUFGCTRL_X0Y0        BUFG (Prop_bufg_I_O)         0.026     0.884 r  i_Clk_IBUF_BUFG_inst/O
                         net (fo=203, routed)         0.585     1.468    Debounce_S3_Inst/i_Clk_IBUF_BUFG
    SLICE_X3Y28          FDRE                                         r  Debounce_S3_Inst/r_State_reg/C
  -------------------------------------------------------------------    -------------------
    SLICE_X3Y28          FDRE (Prop_fdre_C_Q)         0.141     1.609 r  Debounce_S3_Inst/r_State_reg/Q
                         net (fo=7, routed)           0.246     1.855    State_Machine_Game_Inst/w_Debounced_S3
    SLICE_X3Y27          LUT6 (Prop_lut6_I5_O)        0.045     1.900 r  State_Machine_Game_Inst/o_LED_3_OBUF_inst_i_1/O
                         net (fo=1, routed)           0.439     2.339    o_LED_3_OBUF
    U19                  OBUF (Prop_obuf_I_O)         1.202     3.541 r  o_LED_3_OBUF_inst/O
                         net (fo=0)                   0.000     3.541    o_LED_3
    U19                                                               r  o_LED_3 (OUT)
  -------------------------------------------------------------------    -------------------

Slack:                    inf
  Source:                 State_Machine_Game_Inst/FSM_sequential_r_Curr_State_reg[1]/C
                            (rising edge-triggered cell FDCE clocked by sys_clk_pin  {rise@0.000ns fall@5.000ns period=10.000ns})
  Destination:            o_LED_1
                            (output port)
  Path Group:             (none)
  Path Type:              Min at Fast Process Corner
  Data Path Delay:        2.217ns  (logic 1.392ns (62.794%)  route 0.825ns (37.206%))
  Logic Levels:           2  (LUT6=1 OBUF=1)
  Clock Uncertainty:      0.025ns  ((TSJ^2 + TIJ^2)^1/2 + DJ) / 2 + PE
    Total System Jitter     (TSJ):    0.050ns
    Total Input Jitter      (TIJ):    0.000ns
    Discrete Jitter          (DJ):    0.000ns
    Phase Error              (PE):    0.000ns

    Location             Delay type                Incr(ns)  Path(ns)    Netlist Resource(s)
  -------------------------------------------------------------------    -------------------
                         (clock sys_clk_pin rise edge)
                                                      0.000     0.000 r  
    W5                                                0.000     0.000 r  i_Clk (IN)
                         net (fo=0)                   0.000     0.000    i_Clk
    W5                   IBUF (Prop_ibuf_I_O)         0.226     0.226 r  i_Clk_IBUF_inst/O
                         net (fo=1, routed)           0.631     0.858    i_Clk_IBUF
    BUFGCTRL_X0Y0        BUFG (Prop_bufg_I_O)         0.026     0.884 r  i_Clk_IBUF_BUFG_inst/O
                         net (fo=203, routed)         0.581     1.464    State_Machine_Game_Inst/i_Clk_IBUF_BUFG
    SLICE_X7Y26          FDCE                                         r  State_Machine_Game_Inst/FSM_sequential_r_Curr_State_reg[1]/C
  -------------------------------------------------------------------    -------------------
    SLICE_X7Y26          FDCE (Prop_fdce_C_Q)         0.141     1.605 r  State_Machine_Game_Inst/FSM_sequential_r_Curr_State_reg[1]/Q
                         net (fo=21, routed)          0.138     1.743    State_Machine_Game_Inst/r_Curr_State[1]
    SLICE_X6Y26          LUT6 (Prop_lut6_I2_O)        0.045     1.788 r  State_Machine_Game_Inst/o_LED_1_OBUF_inst_i_1/O
                         net (fo=1, routed)           0.687     2.475    o_LED_1_OBUF
    U16                  OBUF (Prop_obuf_I_O)         1.206     3.681 r  o_LED_1_OBUF_inst/O
                         net (fo=0)                   0.000     3.681    o_LED_1
    U16                                                               r  o_LED_1 (OUT)
  -------------------------------------------------------------------    -------------------

Slack:                    inf
  Source:                 State_Machine_Game_Inst/FSM_sequential_r_Curr_State_reg[2]/C
                            (rising edge-triggered cell FDCE clocked by sys_clk_pin  {rise@0.000ns fall@5.000ns period=10.000ns})
  Destination:            o_LED_2
                            (output port)
  Path Group:             (none)
  Path Type:              Min at Fast Process Corner
  Data Path Delay:        2.219ns  (logic 1.417ns (63.845%)  route 0.802ns (36.155%))
  Logic Levels:           2  (LUT6=1 OBUF=1)
  Clock Uncertainty:      0.025ns  ((TSJ^2 + TIJ^2)^1/2 + DJ) / 2 + PE
    Total System Jitter     (TSJ):    0.050ns
    Total Input Jitter      (TIJ):    0.000ns
    Discrete Jitter          (DJ):    0.000ns
    Phase Error              (PE):    0.000ns

    Location             Delay type                Incr(ns)  Path(ns)    Netlist Resource(s)
  -------------------------------------------------------------------    -------------------
                         (clock sys_clk_pin rise edge)
                                                      0.000     0.000 r  
    W5                                                0.000     0.000 r  i_Clk (IN)
                         net (fo=0)                   0.000     0.000    i_Clk
    W5                   IBUF (Prop_ibuf_I_O)         0.226     0.226 r  i_Clk_IBUF_inst/O
                         net (fo=1, routed)           0.631     0.858    i_Clk_IBUF
    BUFGCTRL_X0Y0        BUFG (Prop_bufg_I_O)         0.026     0.884 r  i_Clk_IBUF_BUFG_inst/O
                         net (fo=203, routed)         0.581     1.464    State_Machine_Game_Inst/i_Clk_IBUF_BUFG
    SLICE_X7Y26          FDCE                                         r  State_Machine_Game_Inst/FSM_sequential_r_Curr_State_reg[2]/C
  -------------------------------------------------------------------    -------------------
    SLICE_X7Y26          FDCE (Prop_fdce_C_Q)         0.141     1.605 r  State_Machine_Game_Inst/FSM_sequential_r_Curr_State_reg[2]/Q
                         net (fo=23, routed)          0.271     1.877    State_Machine_Game_Inst/r_Curr_State[2]
    SLICE_X3Y28          LUT6 (Prop_lut6_I1_O)        0.045     1.922 r  State_Machine_Game_Inst/o_LED_2_OBUF_inst_i_1/O
                         net (fo=1, routed)           0.531     2.452    o_LED_2_OBUF
    E19                  OBUF (Prop_obuf_I_O)         1.231     3.683 r  o_LED_2_OBUF_inst/O
                         net (fo=0)                   0.000     3.683    o_LED_2
    E19                                                               r  o_LED_2 (OUT)
  -------------------------------------------------------------------    -------------------

Slack:                    inf
  Source:                 Display_Inst/r_Hex_Encoding_reg[3]_inv/C
                            (rising edge-triggered cell FDSE clocked by sys_clk_pin  {rise@0.000ns fall@5.000ns period=10.000ns})
  Destination:            o_Segment_D
                            (output port)
  Path Group:             (none)
  Path Type:              Min at Fast Process Corner
  Data Path Delay:        2.350ns  (logic 1.438ns (61.217%)  route 0.911ns (38.783%))
  Logic Levels:           1  (OBUF=1)
  Clock Uncertainty:      0.025ns  ((TSJ^2 + TIJ^2)^1/2 + DJ) / 2 + PE
    Total System Jitter     (TSJ):    0.050ns
    Total Input Jitter      (TIJ):    0.000ns
    Discrete Jitter          (DJ):    0.000ns
    Phase Error              (PE):    0.000ns

    Location             Delay type                Incr(ns)  Path(ns)    Netlist Resource(s)
  -------------------------------------------------------------------    -------------------
                         (clock sys_clk_pin rise edge)
                                                      0.000     0.000 r  
    W5                                                0.000     0.000 r  i_Clk (IN)
                         net (fo=0)                   0.000     0.000    i_Clk
    W5                   IBUF (Prop_ibuf_I_O)         0.226     0.226 r  i_Clk_IBUF_inst/O
                         net (fo=1, routed)           0.631     0.858    i_Clk_IBUF
    BUFGCTRL_X0Y0        BUFG (Prop_bufg_I_O)         0.026     0.884 r  i_Clk_IBUF_BUFG_inst/O
                         net (fo=203, routed)         0.553     1.436    Display_Inst/i_Clk_IBUF_BUFG
    SLICE_X10Y25         FDSE                                         r  Display_Inst/r_Hex_Encoding_reg[3]_inv/C
  -------------------------------------------------------------------    -------------------
    SLICE_X10Y25         FDSE (Prop_fdse_C_Q)         0.148     1.584 r  Display_Inst/r_Hex_Encoding_reg[3]_inv/Q
                         net (fo=1, routed)           0.911     2.495    o_Segment_D_OBUF
    V8                   OBUF (Prop_obuf_I_O)         1.290     3.786 r  o_Segment_D_OBUF_inst/O
                         net (fo=0)                   0.000     3.786    o_Segment_D
    V8                                                                r  o_Segment_D (OUT)
  -------------------------------------------------------------------    -------------------

Slack:                    inf
  Source:                 Display_Inst/r_Hex_Encoding_reg[5]_inv/C
                            (rising edge-triggered cell FDSE clocked by sys_clk_pin  {rise@0.000ns fall@5.000ns period=10.000ns})
  Destination:            o_Segment_B
                            (output port)
  Path Group:             (none)
  Path Type:              Min at Fast Process Corner
  Data Path Delay:        2.576ns  (logic 1.394ns (54.123%)  route 1.182ns (45.877%))
  Logic Levels:           1  (OBUF=1)
  Clock Uncertainty:      0.025ns  ((TSJ^2 + TIJ^2)^1/2 + DJ) / 2 + PE
    Total System Jitter     (TSJ):    0.050ns
    Total Input Jitter      (TIJ):    0.000ns
    Discrete Jitter          (DJ):    0.000ns
    Phase Error              (PE):    0.000ns

    Location             Delay type                Incr(ns)  Path(ns)    Netlist Resource(s)
  -------------------------------------------------------------------    -------------------
                         (clock sys_clk_pin rise edge)
                                                      0.000     0.000 r  
    W5                                                0.000     0.000 r  i_Clk (IN)
                         net (fo=0)                   0.000     0.000    i_Clk
    W5                   IBUF (Prop_ibuf_I_O)         0.226     0.226 r  i_Clk_IBUF_inst/O
                         net (fo=1, routed)           0.631     0.858    i_Clk_IBUF
    BUFGCTRL_X0Y0        BUFG (Prop_bufg_I_O)         0.026     0.884 r  i_Clk_IBUF_BUFG_inst/O
                         net (fo=203, routed)         0.553     1.436    Display_Inst/i_Clk_IBUF_BUFG
    SLICE_X10Y25         FDSE                                         r  Display_Inst/r_Hex_Encoding_reg[5]_inv/C
  -------------------------------------------------------------------    -------------------
    SLICE_X10Y25         FDSE (Prop_fdse_C_Q)         0.164     1.600 r  Display_Inst/r_Hex_Encoding_reg[5]_inv/Q
                         net (fo=1, routed)           1.182     2.782    o_Segment_B_OBUF
    W6                   OBUF (Prop_obuf_I_O)         1.230     4.012 r  o_Segment_B_OBUF_inst/O
                         net (fo=0)                   0.000     4.012    o_Segment_B
    W6                                                                r  o_Segment_B (OUT)
  -------------------------------------------------------------------    -------------------

Slack:                    inf
  Source:                 Display_Inst/r_Hex_Encoding_reg[6]_inv/C
                            (rising edge-triggered cell FDSE clocked by sys_clk_pin  {rise@0.000ns fall@5.000ns period=10.000ns})
  Destination:            o_Segment_A
                            (output port)
  Path Group:             (none)
  Path Type:              Min at Fast Process Corner
  Data Path Delay:        2.583ns  (logic 1.413ns (54.686%)  route 1.171ns (45.314%))
  Logic Levels:           1  (OBUF=1)
  Clock Uncertainty:      0.025ns  ((TSJ^2 + TIJ^2)^1/2 + DJ) / 2 + PE
    Total System Jitter     (TSJ):    0.050ns
    Total Input Jitter      (TIJ):    0.000ns
    Discrete Jitter          (DJ):    0.000ns
    Phase Error              (PE):    0.000ns

    Location             Delay type                Incr(ns)  Path(ns)    Netlist Resource(s)
  -------------------------------------------------------------------    -------------------
                         (clock sys_clk_pin rise edge)
                                                      0.000     0.000 r  
    W5                                                0.000     0.000 r  i_Clk (IN)
                         net (fo=0)                   0.000     0.000    i_Clk
    W5                   IBUF (Prop_ibuf_I_O)         0.226     0.226 r  i_Clk_IBUF_inst/O
                         net (fo=1, routed)           0.631     0.858    i_Clk_IBUF
    BUFGCTRL_X0Y0        BUFG (Prop_bufg_I_O)         0.026     0.884 r  i_Clk_IBUF_BUFG_inst/O
                         net (fo=203, routed)         0.553     1.436    Display_Inst/i_Clk_IBUF_BUFG
    SLICE_X10Y25         FDSE                                         r  Display_Inst/r_Hex_Encoding_reg[6]_inv/C
  -------------------------------------------------------------------    -------------------
    SLICE_X10Y25         FDSE (Prop_fdse_C_Q)         0.148     1.584 r  Display_Inst/r_Hex_Encoding_reg[6]_inv/Q
                         net (fo=1, routed)           1.171     2.755    o_Segment_A_OBUF
    W7                   OBUF (Prop_obuf_I_O)         1.265     4.020 r  o_Segment_A_OBUF_inst/O
                         net (fo=0)                   0.000     4.020    o_Segment_A
    W7                                                                r  o_Segment_A (OUT)
  -------------------------------------------------------------------    -------------------

Slack:                    inf
  Source:                 Display_Inst/r_Hex_Encoding_reg[1]_inv/C
                            (rising edge-triggered cell FDSE clocked by sys_clk_pin  {rise@0.000ns fall@5.000ns period=10.000ns})
  Destination:            o_Segment_F
                            (output port)
  Path Group:             (none)
  Path Type:              Min at Fast Process Corner
  Data Path Delay:        2.593ns  (logic 1.370ns (52.825%)  route 1.223ns (47.175%))
  Logic Levels:           1  (OBUF=1)
  Clock Uncertainty:      0.025ns  ((TSJ^2 + TIJ^2)^1/2 + DJ) / 2 + PE
    Total System Jitter     (TSJ):    0.050ns
    Total Input Jitter      (TIJ):    0.000ns
    Discrete Jitter          (DJ):    0.000ns
    Phase Error              (PE):    0.000ns

    Location             Delay type                Incr(ns)  Path(ns)    Netlist Resource(s)
  -------------------------------------------------------------------    -------------------
                         (clock sys_clk_pin rise edge)
                                                      0.000     0.000 r  
    W5                                                0.000     0.000 r  i_Clk (IN)
                         net (fo=0)                   0.000     0.000    i_Clk
    W5                   IBUF (Prop_ibuf_I_O)         0.226     0.226 r  i_Clk_IBUF_inst/O
                         net (fo=1, routed)           0.631     0.858    i_Clk_IBUF
    BUFGCTRL_X0Y0        BUFG (Prop_bufg_I_O)         0.026     0.884 r  i_Clk_IBUF_BUFG_inst/O
                         net (fo=203, routed)         0.553     1.436    Display_Inst/i_Clk_IBUF_BUFG
    SLICE_X10Y25         FDSE                                         r  Display_Inst/r_Hex_Encoding_reg[1]_inv/C
  -------------------------------------------------------------------    -------------------
    SLICE_X10Y25         FDSE (Prop_fdse_C_Q)         0.164     1.600 r  Display_Inst/r_Hex_Encoding_reg[1]_inv/Q
                         net (fo=1, routed)           1.223     2.823    o_Segment_F_OBUF
    V5                   OBUF (Prop_obuf_I_O)         1.206     4.029 r  o_Segment_F_OBUF_inst/O
                         net (fo=0)                   0.000     4.029    o_Segment_F
    V5                                                                r  o_Segment_F (OUT)
  -------------------------------------------------------------------    -------------------

Slack:                    inf
  Source:                 Display_Inst/r_Hex_Encoding_reg[4]_inv/C
                            (rising edge-triggered cell FDSE clocked by sys_clk_pin  {rise@0.000ns fall@5.000ns period=10.000ns})
  Destination:            o_Segment_C
                            (output port)
  Path Group:             (none)
  Path Type:              Min at Fast Process Corner
  Data Path Delay:        2.610ns  (logic 1.377ns (52.766%)  route 1.233ns (47.234%))
  Logic Levels:           1  (OBUF=1)
  Clock Uncertainty:      0.025ns  ((TSJ^2 + TIJ^2)^1/2 + DJ) / 2 + PE
    Total System Jitter     (TSJ):    0.050ns
    Total Input Jitter      (TIJ):    0.000ns
    Discrete Jitter          (DJ):    0.000ns
    Phase Error              (PE):    0.000ns

    Location             Delay type                Incr(ns)  Path(ns)    Netlist Resource(s)
  -------------------------------------------------------------------    -------------------
                         (clock sys_clk_pin rise edge)
                                                      0.000     0.000 r  
    W5                                                0.000     0.000 r  i_Clk (IN)
                         net (fo=0)                   0.000     0.000    i_Clk
    W5                   IBUF (Prop_ibuf_I_O)         0.226     0.226 r  i_Clk_IBUF_inst/O
                         net (fo=1, routed)           0.631     0.858    i_Clk_IBUF
    BUFGCTRL_X0Y0        BUFG (Prop_bufg_I_O)         0.026     0.884 r  i_Clk_IBUF_BUFG_inst/O
                         net (fo=203, routed)         0.553     1.436    Display_Inst/i_Clk_IBUF_BUFG
    SLICE_X9Y25          FDSE                                         r  Display_Inst/r_Hex_Encoding_reg[4]_inv/C
  -------------------------------------------------------------------    -------------------
    SLICE_X9Y25          FDSE (Prop_fdse_C_Q)         0.141     1.577 r  Display_Inst/r_Hex_Encoding_reg[4]_inv/Q
                         net (fo=1, routed)           1.233     2.810    o_Segment_C_OBUF
    U8                   OBUF (Prop_obuf_I_O)         1.236     4.046 r  o_Segment_C_OBUF_inst/O
                         net (fo=0)                   0.000     4.046    o_Segment_C
    U8                                                                r  o_Segment_C (OUT)
  -------------------------------------------------------------------    -------------------

Slack:                    inf
  Source:                 Display_Inst/r_Hex_Encoding_reg[2]_inv/C
                            (rising edge-triggered cell FDSE clocked by sys_clk_pin  {rise@0.000ns fall@5.000ns period=10.000ns})
  Destination:            o_Segment_E
                            (output port)
  Path Group:             (none)
  Path Type:              Min at Fast Process Corner
  Data Path Delay:        2.646ns  (logic 1.422ns (53.736%)  route 1.224ns (46.264%))
  Logic Levels:           1  (OBUF=1)
  Clock Uncertainty:      0.025ns  ((TSJ^2 + TIJ^2)^1/2 + DJ) / 2 + PE
    Total System Jitter     (TSJ):    0.050ns
    Total Input Jitter      (TIJ):    0.000ns
    Discrete Jitter          (DJ):    0.000ns
    Phase Error              (PE):    0.000ns

    Location             Delay type                Incr(ns)  Path(ns)    Netlist Resource(s)
  -------------------------------------------------------------------    -------------------
                         (clock sys_clk_pin rise edge)
                                                      0.000     0.000 r  
    W5                                                0.000     0.000 r  i_Clk (IN)
                         net (fo=0)                   0.000     0.000    i_Clk
    W5                   IBUF (Prop_ibuf_I_O)         0.226     0.226 r  i_Clk_IBUF_inst/O
                         net (fo=1, routed)           0.631     0.858    i_Clk_IBUF
    BUFGCTRL_X0Y0        BUFG (Prop_bufg_I_O)         0.026     0.884 r  i_Clk_IBUF_BUFG_inst/O
                         net (fo=203, routed)         0.553     1.436    Display_Inst/i_Clk_IBUF_BUFG
    SLICE_X10Y25         FDSE                                         r  Display_Inst/r_Hex_Encoding_reg[2]_inv/C
  -------------------------------------------------------------------    -------------------
    SLICE_X10Y25         FDSE (Prop_fdse_C_Q)         0.148     1.584 r  Display_Inst/r_Hex_Encoding_reg[2]_inv/Q
                         net (fo=1, routed)           1.224     2.808    o_Segment_E_OBUF
    U5                   OBUF (Prop_obuf_I_O)         1.274     4.082 r  o_Segment_E_OBUF_inst/O
                         net (fo=0)                   0.000     4.082    o_Segment_E
    U5                                                                r  o_Segment_E (OUT)
  -------------------------------------------------------------------    -------------------





--------------------------------------------------------------------------------------
Path Group:  (none)
From Clock:  
  To Clock:  sys_clk_pin

Max Delay             5 Endpoints
Min Delay             5 Endpoints
--------------------------------------------------------------------------------------


Max Delay Paths
--------------------------------------------------------------------------------------
Slack:                    inf
  Source:                 i_Rst
                            (input port)
  Destination:            Debounce_Rst_Inst/r_Bouncy_Sync1_reg/D
                            (rising edge-triggered cell FDRE clocked by sys_clk_pin  {rise@0.000ns fall@5.000ns period=10.000ns})
  Path Group:             (none)
  Path Type:              Setup (Max at Slow Process Corner)
  Data Path Delay:        3.098ns  (logic 1.451ns (46.823%)  route 1.648ns (53.177%))
  Logic Levels:           1  (IBUF=1)
  Clock Path Skew:        4.774ns (DCD - SCD + CPR)
    Destination Clock Delay (DCD):    4.774ns
    Source Clock Delay      (SCD):    0.000ns
    Clock Pessimism Removal (CPR):    0.000ns
  Clock Uncertainty:      0.025ns  ((TSJ^2 + TIJ^2)^1/2 + DJ) / 2 + PE
    Total System Jitter     (TSJ):    0.050ns
    Total Input Jitter      (TIJ):    0.000ns
    Discrete Jitter          (DJ):    0.000ns
    Phase Error              (PE):    0.000ns

    Location             Delay type                Incr(ns)  Path(ns)    Netlist Resource(s)
  -------------------------------------------------------------------    -------------------
    W15                                               0.000     0.000 r  i_Rst (IN)
                         net (fo=0)                   0.000     0.000    i_Rst
    W15                  IBUF (Prop_ibuf_I_O)         1.451     1.451 r  i_Rst_IBUF_inst/O
                         net (fo=1, routed)           1.648     3.098    Debounce_Rst_Inst/i_Rst_IBUF
    SLICE_X8Y25          FDRE                                         r  Debounce_Rst_Inst/r_Bouncy_Sync1_reg/D
  -------------------------------------------------------------------    -------------------

                         (clock sys_clk_pin rise edge)
                                                      0.000     0.000 r  
    W5                                                0.000     0.000 r  i_Clk (IN)
                         net (fo=0)                   0.000     0.000    i_Clk
    W5                   IBUF (Prop_ibuf_I_O)         1.388     1.388 r  i_Clk_IBUF_inst/O
                         net (fo=1, routed)           1.862     3.250    i_Clk_IBUF
    BUFGCTRL_X0Y0        BUFG (Prop_bufg_I_O)         0.091     3.341 r  i_Clk_IBUF_BUFG_inst/O
                         net (fo=203, routed)         1.433     4.774    Debounce_Rst_Inst/i_Clk_IBUF_BUFG
    SLICE_X8Y25          FDRE                                         r  Debounce_Rst_Inst/r_Bouncy_Sync1_reg/C

Slack:                    inf
  Source:                 i_Switch_4
                            (input port)
  Destination:            Debounce_S4_Inst/r_Bouncy_Sync1_reg/D
                            (rising edge-triggered cell FDRE clocked by sys_clk_pin  {rise@0.000ns fall@5.000ns period=10.000ns})
  Path Group:             (none)
  Path Type:              Setup (Max at Slow Process Corner)
  Data Path Delay:        2.878ns  (logic 1.448ns (50.337%)  route 1.429ns (49.663%))
  Logic Levels:           1  (IBUF=1)
  Clock Path Skew:        4.845ns (DCD - SCD + CPR)
    Destination Clock Delay (DCD):    4.845ns
    Source Clock Delay      (SCD):    0.000ns
    Clock Pessimism Removal (CPR):    0.000ns
  Clock Uncertainty:      0.025ns  ((TSJ^2 + TIJ^2)^1/2 + DJ) / 2 + PE
    Total System Jitter     (TSJ):    0.050ns
    Total Input Jitter      (TIJ):    0.000ns
    Discrete Jitter          (DJ):    0.000ns
    Phase Error              (PE):    0.000ns

    Location             Delay type                Incr(ns)  Path(ns)    Netlist Resource(s)
  -------------------------------------------------------------------    -------------------
    W17                                               0.000     0.000 r  i_Switch_4 (IN)
                         net (fo=0)                   0.000     0.000    i_Switch_4
    W17                  IBUF (Prop_ibuf_I_O)         1.448     1.448 r  i_Switch_4_IBUF_inst/O
                         net (fo=1, routed)           1.429     2.878    Debounce_S4_Inst/i_Switch_4_IBUF
    SLICE_X0Y23          FDRE                                         r  Debounce_S4_Inst/r_Bouncy_Sync1_reg/D
  -------------------------------------------------------------------    -------------------

                         (clock sys_clk_pin rise edge)
                                                      0.000     0.000 r  
    W5                                                0.000     0.000 r  i_Clk (IN)
                         net (fo=0)                   0.000     0.000    i_Clk
    W5                   IBUF (Prop_ibuf_I_O)         1.388     1.388 r  i_Clk_IBUF_inst/O
                         net (fo=1, routed)           1.862     3.250    i_Clk_IBUF
    BUFGCTRL_X0Y0        BUFG (Prop_bufg_I_O)         0.091     3.341 r  i_Clk_IBUF_BUFG_inst/O
                         net (fo=203, routed)         1.504     4.845    Debounce_S4_Inst/i_Clk_IBUF_BUFG
    SLICE_X0Y23          FDRE                                         r  Debounce_S4_Inst/r_Bouncy_Sync1_reg/C

Slack:                    inf
  Source:                 i_Switch_1
                            (input port)
  Destination:            Debounce_S1_Inst/r_Bouncy_Sync1_reg/D
                            (rising edge-triggered cell FDRE clocked by sys_clk_pin  {rise@0.000ns fall@5.000ns period=10.000ns})
  Path Group:             (none)
  Path Type:              Setup (Max at Slow Process Corner)
  Data Path Delay:        2.754ns  (logic 1.453ns (52.756%)  route 1.301ns (47.244%))
  Logic Levels:           1  (IBUF=1)
  Clock Path Skew:        4.843ns (DCD - SCD + CPR)
    Destination Clock Delay (DCD):    4.843ns
    Source Clock Delay      (SCD):    0.000ns
    Clock Pessimism Removal (CPR):    0.000ns
  Clock Uncertainty:      0.025ns  ((TSJ^2 + TIJ^2)^1/2 + DJ) / 2 + PE
    Total System Jitter     (TSJ):    0.050ns
    Total Input Jitter      (TIJ):    0.000ns
    Discrete Jitter          (DJ):    0.000ns
    Phase Error              (PE):    0.000ns

    Location             Delay type                Incr(ns)  Path(ns)    Netlist Resource(s)
  -------------------------------------------------------------------    -------------------
    V17                                               0.000     0.000 r  i_Switch_1 (IN)
                         net (fo=0)                   0.000     0.000    i_Switch_1
    V17                  IBUF (Prop_ibuf_I_O)         1.453     1.453 r  i_Switch_1_IBUF_inst/O
                         net (fo=1, routed)           1.301     2.754    Debounce_S1_Inst/i_Switch_1_IBUF
    SLICE_X4Y23          FDRE                                         r  Debounce_S1_Inst/r_Bouncy_Sync1_reg/D
  -------------------------------------------------------------------    -------------------

                         (clock sys_clk_pin rise edge)
                                                      0.000     0.000 r  
    W5                                                0.000     0.000 r  i_Clk (IN)
                         net (fo=0)                   0.000     0.000    i_Clk
    W5                   IBUF (Prop_ibuf_I_O)         1.388     1.388 r  i_Clk_IBUF_inst/O
                         net (fo=1, routed)           1.862     3.250    i_Clk_IBUF
    BUFGCTRL_X0Y0        BUFG (Prop_bufg_I_O)         0.091     3.341 r  i_Clk_IBUF_BUFG_inst/O
                         net (fo=203, routed)         1.502     4.843    Debounce_S1_Inst/i_Clk_IBUF_BUFG
    SLICE_X4Y23          FDRE                                         r  Debounce_S1_Inst/r_Bouncy_Sync1_reg/C

Slack:                    inf
  Source:                 i_Switch_3
                            (input port)
  Destination:            Debounce_S3_Inst/r_Bouncy_Sync1_reg/D
                            (rising edge-triggered cell FDRE clocked by sys_clk_pin  {rise@0.000ns fall@5.000ns period=10.000ns})
  Path Group:             (none)
  Path Type:              Setup (Max at Slow Process Corner)
  Data Path Delay:        2.608ns  (logic 1.464ns (56.126%)  route 1.144ns (43.874%))
  Logic Levels:           1  (IBUF=1)
  Clock Path Skew:        4.848ns (DCD - SCD + CPR)
    Destination Clock Delay (DCD):    4.848ns
    Source Clock Delay      (SCD):    0.000ns
    Clock Pessimism Removal (CPR):    0.000ns
  Clock Uncertainty:      0.025ns  ((TSJ^2 + TIJ^2)^1/2 + DJ) / 2 + PE
    Total System Jitter     (TSJ):    0.050ns
    Total Input Jitter      (TIJ):    0.000ns
    Discrete Jitter          (DJ):    0.000ns
    Phase Error              (PE):    0.000ns

    Location             Delay type                Incr(ns)  Path(ns)    Netlist Resource(s)
  -------------------------------------------------------------------    -------------------
    W16                                               0.000     0.000 r  i_Switch_3 (IN)
                         net (fo=0)                   0.000     0.000    i_Switch_3
    W16                  IBUF (Prop_ibuf_I_O)         1.464     1.464 r  i_Switch_3_IBUF_inst/O
                         net (fo=1, routed)           1.144     2.608    Debounce_S3_Inst/i_Switch_3_IBUF
    SLICE_X0Y21          FDRE                                         r  Debounce_S3_Inst/r_Bouncy_Sync1_reg/D
  -------------------------------------------------------------------    -------------------

                         (clock sys_clk_pin rise edge)
                                                      0.000     0.000 r  
    W5                                                0.000     0.000 r  i_Clk (IN)
                         net (fo=0)                   0.000     0.000    i_Clk
    W5                   IBUF (Prop_ibuf_I_O)         1.388     1.388 r  i_Clk_IBUF_inst/O
                         net (fo=1, routed)           1.862     3.250    i_Clk_IBUF
    BUFGCTRL_X0Y0        BUFG (Prop_bufg_I_O)         0.091     3.341 r  i_Clk_IBUF_BUFG_inst/O
                         net (fo=203, routed)         1.507     4.848    Debounce_S3_Inst/i_Clk_IBUF_BUFG
    SLICE_X0Y21          FDRE                                         r  Debounce_S3_Inst/r_Bouncy_Sync1_reg/C

Slack:                    inf
  Source:                 i_Switch_2
                            (input port)
  Destination:            Debounce_S2_Inst/r_Bouncy_Sync1_reg/D
                            (rising edge-triggered cell FDRE clocked by sys_clk_pin  {rise@0.000ns fall@5.000ns period=10.000ns})
  Path Group:             (none)
  Path Type:              Setup (Max at Slow Process Corner)
  Data Path Delay:        2.606ns  (logic 1.461ns (56.084%)  route 1.144ns (43.916%))
  Logic Levels:           1  (IBUF=1)
  Clock Path Skew:        4.845ns (DCD - SCD + CPR)
    Destination Clock Delay (DCD):    4.845ns
    Source Clock Delay      (SCD):    0.000ns
    Clock Pessimism Removal (CPR):    0.000ns
  Clock Uncertainty:      0.025ns  ((TSJ^2 + TIJ^2)^1/2 + DJ) / 2 + PE
    Total System Jitter     (TSJ):    0.050ns
    Total Input Jitter      (TIJ):    0.000ns
    Discrete Jitter          (DJ):    0.000ns
    Phase Error              (PE):    0.000ns

    Location             Delay type                Incr(ns)  Path(ns)    Netlist Resource(s)
  -------------------------------------------------------------------    -------------------
    V16                                               0.000     0.000 r  i_Switch_2 (IN)
                         net (fo=0)                   0.000     0.000    i_Switch_2
    V16                  IBUF (Prop_ibuf_I_O)         1.461     1.461 r  i_Switch_2_IBUF_inst/O
                         net (fo=1, routed)           1.144     2.606    Debounce_S2_Inst/i_Switch_2_IBUF
    SLICE_X0Y23          FDRE                                         r  Debounce_S2_Inst/r_Bouncy_Sync1_reg/D
  -------------------------------------------------------------------    -------------------

                         (clock sys_clk_pin rise edge)
                                                      0.000     0.000 r  
    W5                                                0.000     0.000 r  i_Clk (IN)
                         net (fo=0)                   0.000     0.000    i_Clk
    W5                   IBUF (Prop_ibuf_I_O)         1.388     1.388 r  i_Clk_IBUF_inst/O
                         net (fo=1, routed)           1.862     3.250    i_Clk_IBUF
    BUFGCTRL_X0Y0        BUFG (Prop_bufg_I_O)         0.091     3.341 r  i_Clk_IBUF_BUFG_inst/O
                         net (fo=203, routed)         1.504     4.845    Debounce_S2_Inst/i_Clk_IBUF_BUFG
    SLICE_X0Y23          FDRE                                         r  Debounce_S2_Inst/r_Bouncy_Sync1_reg/C





Min Delay Paths
--------------------------------------------------------------------------------------
Slack:                    inf
  Source:                 i_Switch_2
                            (input port)
  Destination:            Debounce_S2_Inst/r_Bouncy_Sync1_reg/D
                            (rising edge-triggered cell FDRE clocked by sys_clk_pin  {rise@0.000ns fall@5.000ns period=10.000ns})
  Path Group:             (none)
  Path Type:              Hold (Min at Fast Process Corner)
  Data Path Delay:        0.690ns  (logic 0.229ns (33.258%)  route 0.460ns (66.742%))
  Logic Levels:           1  (IBUF=1)
  Clock Path Skew:        1.978ns (DCD - SCD - CPR)
    Destination Clock Delay (DCD):    1.978ns
    Source Clock Delay      (SCD):    0.000ns
    Clock Pessimism Removal (CPR):    -0.000ns

    Location             Delay type                Incr(ns)  Path(ns)    Netlist Resource(s)
  -------------------------------------------------------------------    -------------------
    V16                                               0.000     0.000 r  i_Switch_2 (IN)
                         net (fo=0)                   0.000     0.000    i_Switch_2
    V16                  IBUF (Prop_ibuf_I_O)         0.229     0.229 r  i_Switch_2_IBUF_inst/O
                         net (fo=1, routed)           0.460     0.690    Debounce_S2_Inst/i_Switch_2_IBUF
    SLICE_X0Y23          FDRE                                         r  Debounce_S2_Inst/r_Bouncy_Sync1_reg/D
  -------------------------------------------------------------------    -------------------

                         (clock sys_clk_pin rise edge)
                                                      0.000     0.000 r  
    W5                                                0.000     0.000 r  i_Clk (IN)
                         net (fo=0)                   0.000     0.000    i_Clk
    W5                   IBUF (Prop_ibuf_I_O)         0.414     0.414 r  i_Clk_IBUF_inst/O
                         net (fo=1, routed)           0.685     1.099    i_Clk_IBUF
    BUFGCTRL_X0Y0        BUFG (Prop_bufg_I_O)         0.029     1.128 r  i_Clk_IBUF_BUFG_inst/O
                         net (fo=203, routed)         0.851     1.978    Debounce_S2_Inst/i_Clk_IBUF_BUFG
    SLICE_X0Y23          FDRE                                         r  Debounce_S2_Inst/r_Bouncy_Sync1_reg/C

Slack:                    inf
  Source:                 i_Switch_3
                            (input port)
  Destination:            Debounce_S3_Inst/r_Bouncy_Sync1_reg/D
                            (rising edge-triggered cell FDRE clocked by sys_clk_pin  {rise@0.000ns fall@5.000ns period=10.000ns})
  Path Group:             (none)
  Path Type:              Hold (Min at Fast Process Corner)
  Data Path Delay:        0.692ns  (logic 0.232ns (33.494%)  route 0.460ns (66.506%))
  Logic Levels:           1  (IBUF=1)
  Clock Path Skew:        1.981ns (DCD - SCD - CPR)
    Destination Clock Delay (DCD):    1.981ns
    Source Clock Delay      (SCD):    0.000ns
    Clock Pessimism Removal (CPR):    -0.000ns

    Location             Delay type                Incr(ns)  Path(ns)    Netlist Resource(s)
  -------------------------------------------------------------------    -------------------
    W16                                               0.000     0.000 r  i_Switch_3 (IN)
                         net (fo=0)                   0.000     0.000    i_Switch_3
    W16                  IBUF (Prop_ibuf_I_O)         0.232     0.232 r  i_Switch_3_IBUF_inst/O
                         net (fo=1, routed)           0.460     0.692    Debounce_S3_Inst/i_Switch_3_IBUF
    SLICE_X0Y21          FDRE                                         r  Debounce_S3_Inst/r_Bouncy_Sync1_reg/D
  -------------------------------------------------------------------    -------------------

                         (clock sys_clk_pin rise edge)
                                                      0.000     0.000 r  
    W5                                                0.000     0.000 r  i_Clk (IN)
                         net (fo=0)                   0.000     0.000    i_Clk
    W5                   IBUF (Prop_ibuf_I_O)         0.414     0.414 r  i_Clk_IBUF_inst/O
                         net (fo=1, routed)           0.685     1.099    i_Clk_IBUF
    BUFGCTRL_X0Y0        BUFG (Prop_bufg_I_O)         0.029     1.128 r  i_Clk_IBUF_BUFG_inst/O
                         net (fo=203, routed)         0.854     1.981    Debounce_S3_Inst/i_Clk_IBUF_BUFG
    SLICE_X0Y21          FDRE                                         r  Debounce_S3_Inst/r_Bouncy_Sync1_reg/C

Slack:                    inf
  Source:                 i_Switch_1
                            (input port)
  Destination:            Debounce_S1_Inst/r_Bouncy_Sync1_reg/D
                            (rising edge-triggered cell FDRE clocked by sys_clk_pin  {rise@0.000ns fall@5.000ns period=10.000ns})
  Path Group:             (none)
  Path Type:              Hold (Min at Fast Process Corner)
  Data Path Delay:        0.747ns  (logic 0.221ns (29.579%)  route 0.526ns (70.421%))
  Logic Levels:           1  (IBUF=1)
  Clock Path Skew:        1.976ns (DCD - SCD - CPR)
    Destination Clock Delay (DCD):    1.976ns
    Source Clock Delay      (SCD):    0.000ns
    Clock Pessimism Removal (CPR):    -0.000ns

    Location             Delay type                Incr(ns)  Path(ns)    Netlist Resource(s)
  -------------------------------------------------------------------    -------------------
    V17                                               0.000     0.000 r  i_Switch_1 (IN)
                         net (fo=0)                   0.000     0.000    i_Switch_1
    V17                  IBUF (Prop_ibuf_I_O)         0.221     0.221 r  i_Switch_1_IBUF_inst/O
                         net (fo=1, routed)           0.526     0.747    Debounce_S1_Inst/i_Switch_1_IBUF
    SLICE_X4Y23          FDRE                                         r  Debounce_S1_Inst/r_Bouncy_Sync1_reg/D
  -------------------------------------------------------------------    -------------------

                         (clock sys_clk_pin rise edge)
                                                      0.000     0.000 r  
    W5                                                0.000     0.000 r  i_Clk (IN)
                         net (fo=0)                   0.000     0.000    i_Clk
    W5                   IBUF (Prop_ibuf_I_O)         0.414     0.414 r  i_Clk_IBUF_inst/O
                         net (fo=1, routed)           0.685     1.099    i_Clk_IBUF
    BUFGCTRL_X0Y0        BUFG (Prop_bufg_I_O)         0.029     1.128 r  i_Clk_IBUF_BUFG_inst/O
                         net (fo=203, routed)         0.849     1.976    Debounce_S1_Inst/i_Clk_IBUF_BUFG
    SLICE_X4Y23          FDRE                                         r  Debounce_S1_Inst/r_Bouncy_Sync1_reg/C

Slack:                    inf
  Source:                 i_Switch_4
                            (input port)
  Destination:            Debounce_S4_Inst/r_Bouncy_Sync1_reg/D
                            (rising edge-triggered cell FDRE clocked by sys_clk_pin  {rise@0.000ns fall@5.000ns period=10.000ns})
  Path Group:             (none)
  Path Type:              Hold (Min at Fast Process Corner)
  Data Path Delay:        0.791ns  (logic 0.217ns (27.398%)  route 0.574ns (72.602%))
  Logic Levels:           1  (IBUF=1)
  Clock Path Skew:        1.978ns (DCD - SCD - CPR)
    Destination Clock Delay (DCD):    1.978ns
    Source Clock Delay      (SCD):    0.000ns
    Clock Pessimism Removal (CPR):    -0.000ns

    Location             Delay type                Incr(ns)  Path(ns)    Netlist Resource(s)
  -------------------------------------------------------------------    -------------------
    W17                                               0.000     0.000 r  i_Switch_4 (IN)
                         net (fo=0)                   0.000     0.000    i_Switch_4
    W17                  IBUF (Prop_ibuf_I_O)         0.217     0.217 r  i_Switch_4_IBUF_inst/O
                         net (fo=1, routed)           0.574     0.791    Debounce_S4_Inst/i_Switch_4_IBUF
    SLICE_X0Y23          FDRE                                         r  Debounce_S4_Inst/r_Bouncy_Sync1_reg/D
  -------------------------------------------------------------------    -------------------

                         (clock sys_clk_pin rise edge)
                                                      0.000     0.000 r  
    W5                                                0.000     0.000 r  i_Clk (IN)
                         net (fo=0)                   0.000     0.000    i_Clk
    W5                   IBUF (Prop_ibuf_I_O)         0.414     0.414 r  i_Clk_IBUF_inst/O
                         net (fo=1, routed)           0.685     1.099    i_Clk_IBUF
    BUFGCTRL_X0Y0        BUFG (Prop_bufg_I_O)         0.029     1.128 r  i_Clk_IBUF_BUFG_inst/O
                         net (fo=203, routed)         0.851     1.978    Debounce_S4_Inst/i_Clk_IBUF_BUFG
    SLICE_X0Y23          FDRE                                         r  Debounce_S4_Inst/r_Bouncy_Sync1_reg/C

Slack:                    inf
  Source:                 i_Rst
                            (input port)
  Destination:            Debounce_Rst_Inst/r_Bouncy_Sync1_reg/D
                            (rising edge-triggered cell FDRE clocked by sys_clk_pin  {rise@0.000ns fall@5.000ns period=10.000ns})
  Path Group:             (none)
  Path Type:              Hold (Min at Fast Process Corner)
  Data Path Delay:        0.952ns  (logic 0.219ns (22.980%)  route 0.734ns (77.020%))
  Logic Levels:           1  (IBUF=1)
  Clock Path Skew:        1.947ns (DCD - SCD - CPR)
    Destination Clock Delay (DCD):    1.947ns
    Source Clock Delay      (SCD):    0.000ns
    Clock Pessimism Removal (CPR):    -0.000ns

    Location             Delay type                Incr(ns)  Path(ns)    Netlist Resource(s)
  -------------------------------------------------------------------    -------------------
    W15                                               0.000     0.000 r  i_Rst (IN)
                         net (fo=0)                   0.000     0.000    i_Rst
    W15                  IBUF (Prop_ibuf_I_O)         0.219     0.219 r  i_Rst_IBUF_inst/O
                         net (fo=1, routed)           0.734     0.952    Debounce_Rst_Inst/i_Rst_IBUF
    SLICE_X8Y25          FDRE                                         r  Debounce_Rst_Inst/r_Bouncy_Sync1_reg/D
  -------------------------------------------------------------------    -------------------

                         (clock sys_clk_pin rise edge)
                                                      0.000     0.000 r  
    W5                                                0.000     0.000 r  i_Clk (IN)
                         net (fo=0)                   0.000     0.000    i_Clk
    W5                   IBUF (Prop_ibuf_I_O)         0.414     0.414 r  i_Clk_IBUF_inst/O
                         net (fo=1, routed)           0.685     1.099    i_Clk_IBUF
    BUFGCTRL_X0Y0        BUFG (Prop_bufg_I_O)         0.029     1.128 r  i_Clk_IBUF_BUFG_inst/O
                         net (fo=203, routed)         0.820     1.947    Debounce_Rst_Inst/i_Clk_IBUF_BUFG
    SLICE_X8Y25          FDRE                                         r  Debounce_Rst_Inst/r_Bouncy_Sync1_reg/C





